run,temp,temp2,prec,prec2
0,.0127184,-.0004871,.0000145,-4.75e-09
1,.0192554,-.0006282,-1.17e-06,-2.44e-09
2,.0102698,-.0003678,.000013,-4.42e-09
3,.0155388,-.0006197,.0000121,-4.12e-09
4,.0073766,-.0003308,.0000253,-6.22e-09
5,.013832,-.0005639,8.12e-06,-3.19e-09
6,.0133761,-.0006484,-1.28e-06,-1.80e-09
7,.0087614,-.000342,7.22e-06,-3.03e-09
8,.0165595,-.0005842,.0000136,-5.47e-09
9,.0130595,-.0004452,3.55e-06,-2.64e-09
10,.008413,-.0004396,7.45e-07,-7.35e-10
11,.011785,-.0004878,.0000121,-2.84e-09
12,.0087847,-.0004444,-2.95e-06,-4.85e-10
13,.0105603,-.0003936,.0000257,-6.13e-09
14,.0069485,-.0002413,.0000286,-7.36e-09
15,.0141347,-.0005465,4.18e-06,-2.68e-09
16,.0079378,-.0004082,.0000155,-5.39e-09
17,.0077166,-.0003414,.000023,-7.13e-09
18,.0060685,-.0002051,8.99e-06,-4.84e-09
19,.0137822,-.0004973,6.33e-06,-3.09e-09
20,.0141139,-.0006291,1.25e-06,-8.47e-10
21,.0088248,-.000264,.0000201,-6.36e-09
22,.0116333,-.0003804,.0000371,-9.17e-09
23,.0130898,-.0005398,.0000164,-3.77e-09
24,.0119957,-.0004585,-5.54e-06,-1.33e-09
25,.0154229,-.0006667,.0000141,-4.26e-09
26,.0054522,-.0001867,.000021,-6.43e-09
27,.0133533,-.0005419,7.51e-06,-3.21e-09
28,.0174693,-.0005284,.0000369,-9.35e-09
29,.0095967,-.0003852,.0000157,-5.41e-09
30,.0176704,-.0005573,.0000239,-7.15e-09
31,.0153948,-.0005203,.0000237,-7.43e-09
32,.0205346,-.0006877,.0000171,-6.85e-09
33,.0118324,-.0004537,.0000376,-1.11e-08
34,.0108977,-.0004747,.0000131,-4.66e-09
35,.0115525,-.0004541,.000011,-5.52e-09
36,.0116281,-.0004863,.000011,-5.79e-09
37,.0072622,-.0003446,.000017,-7.34e-09
38,.0127511,-.0004967,.0000363,-9.58e-09
39,.017078,-.000568,.000022,-6.80e-09
40,.014736,-.0005716,.0000292,-7.71e-09
41,.00744,-.0003424,.0000187,-9.86e-09
42,.0129479,-.0003456,2.48e-06,-1.25e-09
43,.0214477,-.0007637,-3.06e-07,-2.28e-09
44,.0147276,-.0005529,6.33e-06,-1.96e-09
45,.010756,-.0004134,.0000193,-6.19e-09
46,.0143193,-.0005229,9.37e-06,-5.82e-09
47,.0092387,-.0003949,6.05e-06,-2.31e-09
48,.0091301,-.0003659,.000017,-5.57e-09
49,.0127565,-.0004871,6.35e-06,-2.71e-09
50,.0125023,-.0005898,.0000276,-1.04e-08
51,.0188354,-.0006969,.0000265,-7.28e-09
52,.0114016,-.0005921,.0000168,-3.66e-09
53,.0120265,-.000474,.000016,-4.87e-09
54,.0127509,-.000584,7.45e-06,-3.45e-09
55,.0116,-.0005224,.0000321,-6.14e-09
56,.0121903,-.0005255,.000018,-8.15e-09
57,.0132662,-.00055,7.76e-06,-4.00e-09
58,.0130685,-.0004895,8.81e-06,-2.52e-09
59,.0122087,-.0004416,.0000165,-6.21e-09
60,.0221483,-.0005806,.0000109,-3.05e-09
61,.0144617,-.0004571,.0000275,-8.76e-09
62,.007016,-.0002734,2.54e-06,-3.23e-09
63,.0134613,-.0005399,7.79e-06,-2.48e-09
64,.0228747,-.0006257,.0000304,-7.93e-09
65,.013426,-.0005031,.0000183,-5.72e-09
66,.0139789,-.0005835,.0000111,-4.08e-09
67,.0072281,-.0003402,.0000301,-8.73e-09
68,.0140735,-.0005531,.0000177,-4.89e-09
69,.0165531,-.000589,6.15e-06,-1.25e-09
70,.005848,-.0002919,-3.99e-07,-1.13e-09
71,.0121781,-.0005443,.0000148,-3.82e-09
72,.0157771,-.0005801,.0000197,-6.44e-09
73,.0129527,-.0004702,.0000207,-7.29e-09
74,.0092649,-.0003473,.0000171,-4.65e-09
75,.0180178,-.0005947,.0000265,-8.00e-09
76,.0142964,-.0006018,.0000213,-7.30e-09
77,.0195752,-.000713,.0000191,-7.37e-09
78,.0099401,-.000351,.0000183,-6.33e-09
79,.0104996,-.0004842,.0000338,-9.72e-09
80,.0162569,-.0005414,-4.90e-06,-3.03e-10
81,.0100701,-.0005514,.0000184,-6.06e-09
82,.0133761,-.0004987,1.74e-06,-7.76e-10
83,.0131108,-.000474,.000023,-6.52e-09
84,.0093449,-.0004944,9.37e-06,-5.46e-09
85,.0193894,-.0006429,.0000207,-8.18e-09
86,.0128794,-.0003497,.0000194,-4.30e-09
87,.0159171,-.0005723,3.80e-06,-1.08e-09
88,.0169574,-.0006454,5.69e-06,-1.32e-10
89,.013304,-.0004105,7.93e-06,-4.56e-09
90,.0070777,-.0003246,.0000193,-5.86e-09
91,.0126907,-.000442,.0000178,-4.98e-09
92,.0081212,-.0003369,6.08e-06,-3.61e-09
93,.0102249,-.000366,.0000258,-8.27e-09
94,.0074029,-.0003169,4.03e-06,-3.30e-09
95,.0131318,-.0005502,6.78e-06,-4.94e-09
96,.0104347,-.00034,2.38e-06,-1.56e-09
97,.0185724,-.0005369,1.34e-06,-1.40e-09
98,.0106916,-.00047,.000027,-8.03e-09
99,.0107492,-.0005187,.0000157,-5.55e-09
100,.0142318,-.0006449,-1.40e-06,3.38e-10
101,.0126075,-.0005164,.0000248,-8.87e-09
102,.0106722,-.000417,.0000122,-4.91e-09
103,.0043115,-.000217,.0000177,-5.67e-09
104,.0176088,-.0005932,6.72e-06,-2.24e-09
105,.0151831,-.0004474,8.83e-06,-4.62e-09
106,.0135938,-.0005272,-.000015,3.50e-09
107,.0096224,-.0003939,8.49e-06,-3.13e-09
108,.0178041,-.0006994,3.29e-06,-2.49e-09
109,.0216993,-.0006769,5.25e-06,-4.36e-09
110,.0085821,-.0004291,6.91e-06,-1.62e-09
111,.0073713,-.0005088,.0000154,-4.43e-09
112,.0163375,-.0005878,.0000222,-5.04e-09
113,.0131254,-.0004822,.0000149,-2.51e-09
114,.016295,-.000558,.0000159,-5.04e-09
115,.0137647,-.0004719,5.07e-06,-3.78e-09
116,.0101362,-.000406,.0000231,-5.55e-09
117,.0072239,-.0003548,.0000172,-4.74e-09
118,.0106254,-.0004134,7.19e-06,-2.43e-09
119,.0201195,-.0007193,3.03e-06,-3.28e-09
120,.0114203,-.0003847,.0000268,-6.93e-09
121,.0231025,-.0008496,8.78e-07,-1.54e-10
122,.0139898,-.0005004,.0000248,-8.66e-09
123,.0173608,-.0006921,.0000129,-5.61e-09
124,.014362,-.0006498,6.20e-06,-4.42e-09
125,.0112458,-.000476,.0000347,-9.28e-09
126,.0162617,-.0005654,.0000116,-3.93e-09
127,.0179041,-.0005552,.0000394,-1.23e-08
128,.0194101,-.0006283,.0000115,-4.37e-09
129,.010661,-.000375,.0000126,-4.17e-09
130,.0182333,-.0006395,9.02e-06,-4.90e-09
131,.0055291,-.0002178,.0000165,-5.67e-09
132,.0124782,-.0003871,5.60e-06,-1.73e-09
133,.0150712,-.0006269,.0000225,-6.80e-09
134,.0168304,-.0004777,.0000185,-4.65e-09
135,.0111967,-.0003965,.0000109,-3.21e-09
136,.0142909,-.0004775,.000019,-4.92e-09
137,.0115817,-.0003387,.0000233,-8.18e-09
138,.0141626,-.0005599,2.62e-06,-2.81e-09
139,.0081128,-.0003808,.0000216,-6.52e-09
140,.0154415,-.0005184,-3.70e-06,-1.28e-09
141,.014657,-.0004496,.0000239,-5.26e-09
142,.0139508,-.0006374,.0000201,-7.36e-09
143,.0142254,-.0004703,.0000159,-6.64e-09
144,.0084957,-.0003666,4.82e-06,-4.02e-09
145,.0135009,-.0004043,.0000242,-9.59e-09
146,.0138248,-.0005182,.0000273,-5.80e-09
147,.0142371,-.0005863,8.96e-06,-2.71e-09
148,.0157078,-.0005908,-4.40e-06,3.22e-10
149,.0125712,-.0003615,.0000245,-9.88e-09
150,.0105736,-.0004849,5.90e-06,-1.64e-09
151,.0126699,-.0004693,.0000152,-5.48e-09
152,.0160445,-.0006239,.0000126,-3.26e-09
153,.0144162,-.0005638,-2.06e-07,-9.10e-10
154,.0167024,-.0005094,.0000179,-7.43e-09
155,.0082471,-.0003885,.0000161,-4.57e-09
156,.0110542,-.000464,5.06e-06,-1.47e-09
157,.0099624,-.0003666,.000016,-7.17e-09
158,.0149527,-.0003565,.0000208,-7.70e-09
159,.0170544,-.0006107,.0000146,-5.72e-09
160,.0123906,-.0004875,.0000234,-8.34e-09
161,.0084541,-.0003533,.0000176,-4.66e-09
162,.0141802,-.0004682,.0000172,-5.44e-09
163,.0144582,-.0005818,-1.36e-06,5.03e-10
164,.0104013,-.0004339,9.20e-06,-1.68e-09
165,.0142842,-.0004963,.0000301,-9.22e-09
166,.0146147,-.0005189,.0000268,-7.11e-09
167,.0150658,-.000519,5.84e-06,-7.75e-10
168,.0086865,-.0002251,.0000179,-5.14e-09
169,.0097018,-.0003939,4.78e-06,-2.48e-09
170,.0119535,-.0004254,.0000109,-2.38e-09
171,.0220131,-.0007855,-6.69e-06,-9.15e-10
172,.0089761,-.0003669,6.52e-06,-3.39e-09
173,.010743,-.0003815,.0000106,-3.73e-09
174,.0075966,-.0004352,.000015,-4.20e-09
175,.0146804,-.0004796,7.40e-06,-2.99e-09
176,.0197413,-.000659,.0000197,-6.42e-09
177,.013693,-.0004823,.0000239,-7.40e-09
178,.0136793,-.0005329,.000024,-7.30e-09
179,.0121781,-.0005557,.0000107,-3.58e-09
180,.0083469,-.0002298,2.87e-06,-1.11e-09
181,.0135959,-.0004926,.0000266,-7.28e-09
182,.0123794,-.0004949,.0000298,-9.87e-09
183,.0098794,-.0003755,.0000174,-7.24e-09
184,.0124421,-.0005094,1.60e-06,-2.37e-09
185,.0212796,-.0005955,.0000204,-6.19e-09
186,.0084706,-.0003887,.0000156,-4.25e-09
187,.0095191,-.0003025,.0000116,-5.20e-09
188,.0103325,-.0004071,-4.78e-06,-1.56e-09
189,.011609,-.0005022,.0000146,-4.12e-09
190,.0180005,-.000703,1.38e-06,-1.35e-09
191,.0139985,-.0005726,.0000293,-7.51e-09
192,.0127054,-.0005551,.0000154,-7.26e-09
193,.0141652,-.0004832,.0000129,-3.49e-09
194,.0111722,-.0003648,.0000182,-6.25e-09
195,.0062078,-.0002767,6.71e-06,-3.52e-09
196,.0094172,-.0004485,7.83e-06,-1.88e-09
197,.00872,-.0004348,.0000117,-3.70e-09
198,.0105714,-.0003863,3.29e-06,-1.95e-09
199,.0087061,-.0003634,.0000104,-2.08e-09
200,.0105287,-.0004185,5.62e-06,-4.21e-09
201,.0120735,-.0003833,.0000132,-4.80e-09
202,.0200095,-.0007482,.0000261,-7.23e-09
203,.0116543,-.0004235,3.89e-06,-1.94e-09
204,.0076182,-.0003521,.0000164,-5.83e-09
205,.0096376,-.0003557,.000017,-4.04e-09
206,.0046156,-.0002679,.0000216,-5.51e-09
207,.0104104,-.0003969,.0000132,-4.01e-09
208,.012179,-.000442,.0000194,-6.89e-09
209,.0113586,-.0005324,.000012,-2.54e-09
210,.0133701,-.0006065,3.93e-06,-3.81e-09
211,.0178217,-.00058,4.39e-06,-3.19e-09
212,.0098168,-.0004199,.0000251,-6.95e-09
213,.0140575,-.0006022,.0000203,-7.27e-09
214,.0095731,-.0004365,.0000391,-9.55e-09
215,.0124637,-.0004955,.0000396,-1.18e-08
216,.0116373,-.0004839,.0000216,-6.58e-09
217,.0129744,-.0004759,.0000184,-6.12e-09
218,.0124512,-.0004091,.0000233,-7.50e-09
219,.0132187,-.0004602,.0000212,-8.28e-09
220,.0158145,-.0006771,.000027,-8.75e-09
221,.0160748,-.0006224,.0000118,-2.10e-09
222,.0100907,-.0003333,.0000242,-8.13e-09
223,.0157407,-.0005249,.0000162,-7.30e-09
224,.0111358,-.00055,.0000288,-7.03e-09
225,.0105529,-.0004753,.0000245,-6.86e-09
226,.0054286,-.0002828,.0000169,-3.62e-09
227,.013752,-.0006209,.000015,-2.60e-09
228,.0109585,-.0003436,.0000231,-8.42e-09
229,.021486,-.0006912,.0000188,-5.72e-09
230,.0135003,-.0004452,.00002,-6.13e-09
231,.0163176,-.0005305,5.28e-06,-1.62e-09
232,.0149534,-.0005145,.0000296,-8.76e-09
233,.0154173,-.0005295,.0000152,-4.92e-09
234,.0166225,-.0006925,.000014,-1.72e-09
235,.0161278,-.0005229,.0000176,-5.06e-09
236,.0117316,-.0005311,.0000249,-6.65e-09
237,.013944,-.0005257,.0000104,-4.65e-09
238,.0135199,-.0006005,.000016,-6.82e-09
239,.0080092,-.0003834,8.07e-06,-2.00e-09
240,.0139393,-.0004374,7.32e-06,-2.90e-09
241,.0030505,-.0002117,8.88e-06,-1.90e-09
242,.0089493,-.0004483,.0000131,-3.87e-09
243,.0117336,-.0005845,6.08e-06,-2.85e-09
244,.0102018,-.0003775,.000015,-2.71e-09
245,.013959,-.0005661,.0000228,-8.15e-09
246,.012417,-.0004124,-8.05e-06,1.72e-09
247,.0070464,-.0003965,8.00e-06,-2.77e-09
248,.0069203,-.0003314,.000012,-2.03e-09
249,.0133697,-.0004785,-5.96e-06,-9.95e-10
250,.0189407,-.000609,.0000146,-5.22e-09
251,.0118096,-.0003846,.000016,-5.79e-09
252,.0080517,-.0002184,.0000187,-4.89e-09
253,.0115324,-.0004274,.0000188,-5.84e-09
254,.011288,-.00043,.0000229,-7.49e-09
255,.0118127,-.0004494,9.81e-06,-3.29e-09
256,.0093129,-.0004936,.0000217,-6.37e-09
257,.0198127,-.0006627,.0000261,-7.00e-09
258,.0130454,-.0004346,.0000116,-5.05e-09
259,.0106105,-.0005438,6.38e-06,-4.59e-09
260,.0055263,-.0003269,9.30e-06,-4.09e-09
261,.0131793,-.0005507,.0000185,-5.59e-09
262,.0117001,-.0005307,.0000144,-2.77e-09
263,.0103877,-.0003973,.000026,-6.44e-09
264,.0197402,-.000733,.0000248,-7.10e-09
265,.0088035,-.000501,7.47e-06,-1.97e-09
266,.0161256,-.0005872,.0000129,-2.77e-09
267,.0122774,-.0004541,.0000205,-5.52e-09
268,.0168948,-.0005695,.0000141,-6.49e-09
269,.0042455,-.0002051,.0000138,-4.73e-09
270,.0163717,-.00066,.0000188,-5.38e-09
271,.0049114,-.0002506,.0000157,-4.16e-09
272,.0192995,-.0006241,.0000138,-7.40e-09
273,.0109674,-.0004364,.0000252,-7.52e-09
274,.0165736,-.000539,7.69e-06,-3.82e-09
275,.0146664,-.0005247,.0000138,-4.39e-09
276,.0127611,-.0004839,.0000173,-4.40e-09
277,.0112852,-.0004935,.0000125,-5.00e-09
278,.0122115,-.0004989,8.50e-06,-2.82e-09
279,.0183467,-.0006082,7.16e-06,-4.05e-09
280,.0086168,-.0003063,.0000352,-1.01e-08
281,.0153163,-.0005069,.0000252,-8.13e-09
282,.0152055,-.0006693,.0000159,-6.81e-09
283,.0052372,-.0002885,.0000139,-5.10e-09
284,.0013087,-.0002026,.0000257,-8.36e-09
285,.0109262,-.0005164,7.77e-06,-2.83e-09
286,.014624,-.0006176,.0000106,-3.77e-09
287,.014637,-.0005935,2.10e-06,-2.12e-09
288,.0226598,-.0007855,4.84e-06,-2.33e-09
289,.0130834,-.0004189,.0000385,-1.14e-08
290,.0179031,-.0006783,.0000157,-5.11e-09
291,.0162716,-.000553,.0000254,-9.55e-09
292,.0136265,-.000531,.000012,-3.85e-09
293,.014919,-.0004956,4.68e-06,-1.67e-09
294,.012318,-.0005192,9.34e-06,-2.47e-09
295,.0119711,-.0004282,.0000316,-9.50e-09
296,.008074,-.0004295,.0000194,-5.64e-09
297,.0111745,-.0004999,.0000126,-4.82e-09
298,.0185821,-.0005778,.0000387,-1.09e-08
299,.0160524,-.0005739,.0000198,-6.06e-09
300,.0166195,-.0006326,7.22e-06,-5.06e-09
301,.0175403,-.0005768,.0000201,-5.91e-09
302,.0105203,-.0004314,.0000186,-3.80e-09
303,.0162189,-.0005481,.0000247,-9.15e-09
304,.019738,-.0006544,8.48e-06,-1.78e-09
305,.0179256,-.0006646,.0000222,-4.64e-09
306,.0160238,-.0005192,1.84e-06,-2.49e-09
307,.0076883,-.0003579,.0000246,-9.40e-09
308,.0105809,-.0005908,.0000161,-5.97e-09
309,.0148441,-.0005755,.0000226,-5.70e-09
310,.0148395,-.0004808,.0000123,-5.37e-09
311,.0121123,-.0004208,.0000167,-5.04e-09
312,.0167742,-.0007725,.0000153,-4.52e-09
313,.0153081,-.0005411,.0000153,-6.48e-09
314,.0050709,-.000276,.0000347,-9.04e-09
315,-.0016616,-6.91e-07,.0000101,-2.85e-09
316,.0105687,-.0004483,.0000267,-7.27e-09
317,.0084027,-.0003894,.000011,-4.46e-09
318,.0141378,-.0005631,.0000159,-4.54e-09
319,.0140497,-.0004847,.0000113,-4.25e-09
320,.0169825,-.0006735,.0000279,-9.35e-09
321,.0125209,-.000458,.0000264,-6.74e-09
322,.0127837,-.0005655,.0000184,-5.47e-09
323,.0090752,-.0003183,.0000181,-4.43e-09
324,.0150549,-.0004431,.000026,-8.17e-09
325,.0135056,-.0004408,.0000189,-8.87e-09
326,.0056697,-.0003352,.0000182,-3.88e-09
327,.0127734,-.0004377,.0000106,-3.14e-09
328,.009342,-.0004075,3.08e-06,-1.43e-09
329,.0124761,-.0004325,.0000194,-5.79e-09
330,.0137868,-.0004677,.0000207,-5.21e-09
331,.0183419,-.0005605,2.48e-06,-1.88e-09
332,.0105552,-.0004565,.0000127,-4.99e-09
333,.0154892,-.0006229,.0000117,-4.44e-09
334,.0130609,-.0004377,.0000368,-9.88e-09
335,.0174755,-.0006412,2.03e-06,-2.31e-09
336,.0157723,-.000507,.0000112,-5.87e-09
337,.0131863,-.0004356,.0000216,-8.61e-09
338,.0131658,-.0004929,.0000305,-8.49e-09
339,.0138186,-.0005264,8.64e-06,-4.55e-09
340,.0077147,-.0003253,.0000204,-6.56e-09
341,.0146358,-.0005986,.0000189,-5.08e-09
342,.0137548,-.0005505,.0000179,-4.42e-09
343,.0139545,-.0005285,.000013,-5.48e-09
344,.0245277,-.0008134,.0000172,-5.40e-09
345,.013525,-.0005301,7.00e-06,-2.40e-09
346,.0052205,-.0003562,7.07e-06,-1.70e-09
347,.0103854,-.0004595,.0000191,-5.80e-09
348,.0153651,-.0005913,.0000213,-6.74e-09
349,.0101416,-.000372,8.27e-06,-3.44e-09
350,.0075743,-.0004152,.0000262,-7.23e-09
351,.0176726,-.0006168,.0000234,-8.33e-09
352,.0126132,-.0005206,8.70e-06,-3.48e-09
353,.0086559,-.0003318,.0000124,-5.21e-09
354,.0094155,-.0003956,.0000161,-2.95e-09
355,.0136462,-.0005721,-2.89e-08,-2.13e-09
356,.0142122,-.0006931,3.91e-06,-2.75e-09
357,.0160889,-.0006128,9.28e-06,-2.77e-09
358,.0127725,-.0004753,.0000268,-7.56e-09
359,.0138843,-.0004998,5.17e-06,-1.96e-09
360,.0144187,-.0004734,.000018,-6.81e-09
361,.0076035,-.0004048,3.52e-06,-1.82e-09
362,.017343,-.000688,.0000166,-6.65e-09
363,.0129744,-.0006194,3.74e-06,-3.62e-09
364,.0141256,-.0005198,8.96e-06,-2.35e-09
365,.0176561,-.0006951,2.22e-06,-9.26e-10
366,.016858,-.0005387,-4.79e-06,5.63e-10
367,.0171674,-.0005312,7.99e-06,-5.96e-10
368,.0120706,-.0004134,.0000102,-3.17e-09
369,.01182,-.0003851,.0000141,-4.90e-09
370,.0140226,-.0005149,.0000151,-4.94e-09
371,.016429,-.0005999,3.52e-06,-1.11e-09
372,.0086566,-.0003721,-4.53e-06,-1.32e-09
373,.0199728,-.000656,.0000144,-5.78e-09
374,.015325,-.0005415,-2.59e-06,-1.71e-09
375,.0109881,-.0004144,2.22e-06,-1.37e-09
376,.0134573,-.0005363,9.27e-06,-3.77e-09
377,.0106043,-.0004111,.0000265,-6.04e-09
378,.0082258,-.0003713,.0000186,-5.31e-09
379,.0060566,-.0002592,.0000243,-7.77e-09
380,.0120887,-.0006002,7.19e-06,-2.61e-09
381,.0128927,-.0005165,.0000148,-6.99e-09
382,.0163638,-.000617,.0000311,-8.49e-09
383,.0112649,-.0004706,.0000156,-5.09e-09
384,.027344,-.0008735,.0000198,-6.09e-09
385,.0120763,-.0004846,5.61e-06,-1.58e-09
386,.0096579,-.0003196,.0000275,-8.06e-09
387,.010525,-.0005086,7.80e-07,-1.68e-09
388,.0189601,-.0006123,.0000159,-7.66e-09
389,.0121799,-.0004838,.0000303,-9.72e-09
390,.0144115,-.0005343,9.90e-06,-4.88e-09
391,.0109996,-.000498,6.56e-06,-3.19e-09
392,.0143549,-.000515,.0000124,-4.85e-09
393,.0103659,-.0004068,.0000231,-5.47e-09
394,.0138963,-.0005209,.0000163,-4.49e-09
395,.0172456,-.000717,.0000364,-8.28e-09
396,.008911,-.0004148,.0000179,-6.90e-09
397,.010516,-.0004418,.0000128,-7.55e-09
398,.0099017,-.0004476,4.90e-06,-3.36e-09
399,.0206455,-.0008173,1.51e-06,-2.41e-09
400,.0181511,-.0006323,.0000123,-6.90e-09
401,.009812,-.0004706,7.25e-06,-1.79e-09
402,.0140803,-.0005808,.0000101,-2.83e-09
403,.0132355,-.0004743,.0000249,-8.15e-09
404,.0090932,-.0004318,.0000252,-1.05e-08
405,.0099963,-.0004424,.0000217,-6.38e-09
406,.0081657,-.0004147,.0000197,-5.70e-09
407,.013597,-.0005064,.0000101,-3.00e-09
408,.011856,-.0006193,.0000179,-5.75e-09
409,.0125269,-.0004694,.0000148,-3.88e-09
410,.0128469,-.0004625,.0000117,-4.66e-09
411,.0122061,-.0004204,6.15e-06,-4.04e-09
412,.0129087,-.0004903,5.70e-06,-3.20e-09
413,.0122045,-.0004206,.0000169,-6.19e-09
414,.0170439,-.0005527,.000014,-4.87e-09
415,.0099688,-.0004944,.0000234,-6.41e-09
416,.0123209,-.0004608,4.95e-06,-2.10e-09
417,.0141401,-.0004979,.0000262,-8.40e-09
418,.0123097,-.0004966,.00002,-6.00e-09
419,.0123988,-.0004869,2.78e-06,-2.80e-09
420,.0195351,-.0006853,.0000125,-5.23e-09
421,.0147159,-.0005455,.0000313,-1.17e-08
422,.0136711,-.0005857,.0000268,-5.93e-09
423,.0112996,-.0004763,7.40e-06,-5.37e-09
424,.0162981,-.0006681,.0000162,-4.00e-09
425,.0135444,-.0005179,.0000169,-6.78e-09
426,.0102373,-.0004654,.0000182,-6.18e-09
427,.0097586,-.000465,.0000275,-5.82e-09
428,.0152452,-.0006163,-4.42e-06,-1.63e-09
429,.0152115,-.0005435,.0000174,-6.71e-09
430,.0212109,-.0008081,.0000136,-4.36e-09
431,.0080048,-.0004294,.0000155,-3.34e-09
432,.0137261,-.0005046,.0000195,-3.59e-09
433,.0106522,-.0004499,.0000193,-7.00e-09
434,.0057045,-.0002736,-7.47e-08,-3.01e-09
435,.0121658,-.0005841,.0000155,-5.75e-09
436,.0126562,-.0005543,.00003,-8.57e-09
437,.0062873,-.0002438,.000013,-5.10e-09
438,.0045546,-.0003105,3.05e-06,-2.23e-09
439,.013484,-.0004537,4.78e-06,-3.62e-09
440,.0115654,-.0004453,9.16e-06,-4.11e-09
441,.0133001,-.0005133,-2.68e-06,-5.17e-10
442,.0103113,-.0003173,.0000193,-5.36e-09
443,.0053298,-.0002852,.0000129,-4.27e-09
444,.0096161,-.0004591,.0000196,-4.00e-09
445,.0128085,-.0003665,6.70e-06,-3.25e-09
446,.0109558,-.0003743,-6.61e-07,-5.22e-10
447,.0137332,-.0005356,1.52e-06,-3.04e-09
448,.0153717,-.0005443,.000013,-6.53e-09
449,.0166151,-.0006088,3.99e-06,-1.48e-09
450,.0137872,-.0006136,-3.82e-06,1.08e-09
451,.0146066,-.0005942,.0000251,-6.53e-09
452,.0073372,-.0003098,.0000203,-6.70e-09
453,.0270657,-.0008916,6.25e-06,-4.51e-09
454,.006885,-.0004145,.0000207,-4.55e-09
455,.0110006,-.000417,.0000205,-4.88e-09
456,.0147226,-.0005273,9.68e-06,-3.23e-09
457,.0146959,-.0003621,3.98e-06,-4.42e-09
458,.0076225,-.0002533,.0000415,-1.27e-08
459,.015353,-.0006098,.0000195,-4.36e-09
460,.0107981,-.0003887,.0000171,-4.75e-09
461,.0139929,-.0004894,7.10e-06,-4.90e-09
462,.0094086,-.0004341,9.75e-06,-5.01e-09
463,.0154112,-.0006503,.000014,-5.31e-09
464,.0150616,-.0006099,.0000145,-6.59e-09
465,.015522,-.0005318,4.51e-07,-1.34e-09
466,.0098633,-.0003882,.0000264,-7.87e-09
467,.0118639,-.0004414,.0000231,-6.31e-09
468,.0173102,-.0007033,5.28e-06,-5.10e-09
469,.0097767,-.0002188,.0000235,-8.61e-09
470,.0146388,-.0005298,2.88e-06,-7.31e-10
471,.0066138,-.0002981,.0000197,-7.08e-09
472,.0062566,-.0002907,.0000311,-9.02e-09
473,.0190148,-.0006699,7.50e-06,-2.75e-09
474,.003239,-.0001974,.0000295,-8.69e-09
475,.0170768,-.000528,.0000203,-4.09e-09
476,.0111177,-.0003358,.0000332,-9.98e-09
477,.0109203,-.0004128,.0000159,-5.78e-09
478,.0189739,-.0006165,4.23e-06,-1.62e-09
479,.0095443,-.0004243,.0000115,-3.97e-09
480,.0098391,-.0003983,.0000254,-7.57e-09
481,.0141051,-.0004758,1.99e-06,-1.58e-09
482,.0103308,-.0004051,.0000205,-5.33e-09
483,.0140508,-.0004938,.0000199,-6.02e-09
484,.0154375,-.0004557,.000014,-4.23e-09
485,.0179564,-.0007107,.0000181,-5.12e-09
486,.015568,-.000598,.0000126,-5.71e-09
487,.0177691,-.0006319,.0000205,-5.29e-09
488,.0069925,-.0004725,.0000171,-4.51e-09
489,.0146472,-.0004583,9.52e-06,-4.55e-09
490,.0149713,-.0005114,.0000117,-2.56e-09
491,.0141986,-.0005146,.0000279,-7.57e-09
492,.0152758,-.0004983,.0000202,-7.00e-09
493,.0114098,-.0004945,.0000152,-4.95e-09
494,.0136973,-.0005693,7.30e-06,-2.53e-09
495,.0123095,-.0004508,.0000115,-4.92e-09
496,.0111629,-.0005201,.0000121,-4.19e-09
497,.0159262,-.000535,.0000111,-4.74e-09
498,.0124278,-.0004914,9.56e-06,-3.76e-09
499,.0190404,-.0006233,6.85e-06,-3.39e-09
500,.0133571,-.0004558,.0000144,-3.01e-09
501,.0086595,-.0004383,.0000108,-3.11e-09
502,.0145361,-.0005458,.0000166,-5.42e-09
503,.0153553,-.000438,.000029,-8.11e-09
504,.0112359,-.0003926,.0000282,-7.42e-09
505,.0160492,-.0004484,9.96e-06,-4.29e-09
506,.0157136,-.0005152,.0000176,-3.29e-09
507,.0110968,-.0004704,.000014,-4.96e-09
508,.0109693,-.0004432,.0000129,-5.29e-09
509,.0060482,-.0002292,.0000196,-5.43e-09
510,.0101217,-.0005206,.0000239,-7.28e-09
511,.0055905,-.0002343,.0000222,-6.66e-09
512,.010297,-.0003732,.0000206,-7.13e-09
513,.012959,-.0005873,.0000266,-8.34e-09
514,.011196,-.0005651,.0000156,-5.57e-09
515,.018356,-.0006434,.0000174,-4.19e-09
516,.0153231,-.0005864,.0000132,-3.75e-09
517,.0095307,-.0003502,.0000272,-7.57e-09
518,.0100841,-.0004693,.0000118,-4.66e-09
519,.0109865,-.0004761,.0000136,-7.48e-09
520,.0180334,-.0006658,-5.72e-06,7.44e-10
521,.0070986,-.0003805,.0000134,-4.20e-09
522,.0212364,-.0006506,6.18e-06,-4.10e-09
523,.027265,-.0009156,.0000274,-8.39e-09
524,.0077221,-.0004232,.0000156,-4.52e-09
525,.0112102,-.000464,.0000117,-3.91e-09
526,.0073779,-.000307,.000015,-4.02e-09
527,.0169578,-.0006381,.0000198,-9.16e-09
528,.0135062,-.0004729,.0000119,-5.46e-09
529,.0103429,-.0003428,9.26e-06,-4.18e-09
530,.0111285,-.0003927,.0000166,-7.50e-09
531,.0198593,-.0006219,-6.46e-06,7.82e-10
532,.0163359,-.0006594,.0000212,-4.66e-09
533,.013348,-.000481,3.71e-06,-5.37e-10
534,.0156062,-.0005261,.0000177,-5.56e-09
535,.0137577,-.0005889,.0000185,-5.71e-09
536,.004452,-.00032,.0000292,-6.78e-09
537,.0127692,-.0005757,.0000251,-7.72e-09
538,.0112155,-.0005029,.0000262,-7.37e-09
539,.0103122,-.00057,.0000221,-6.29e-09
540,.0156934,-.0004823,.0000111,-4.37e-09
541,.0150468,-.0005689,.0000147,-4.81e-09
542,.0149888,-.0004345,.0000128,-4.88e-09
543,.024375,-.0007939,.000036,-1.13e-08
544,.0136363,-.0005503,2.67e-06,-1.27e-09
545,.0121716,-.0004857,.0000134,-3.31e-09
546,.0084419,-.0004136,2.01e-06,-3.01e-09
547,.0182017,-.0007022,1.50e-06,-2.76e-09
548,.0138588,-.0005428,8.12e-06,-2.08e-09
549,.0097442,-.0003586,4.72e-06,-2.33e-09
550,.0130179,-.0005607,.0000175,-4.57e-09
551,.0162199,-.0006485,-5.41e-08,-3.38e-09
552,.0127559,-.0003761,.0000151,-4.10e-09
553,.0082468,-.0003764,7.93e-06,-2.39e-09
554,.0082056,-.0003786,.0000216,-4.74e-09
555,.0181088,-.0006183,6.77e-06,-2.60e-09
556,.0123561,-.0004554,.0000137,-5.10e-09
557,.0140914,-.0005759,.0000209,-6.20e-09
558,.0195893,-.0006862,.0000398,-1.24e-08
559,.0222719,-.0008263,.0000203,-6.66e-09
560,.0067413,-.0003789,1.99e-06,-1.48e-09
561,.0102849,-.0004616,.000011,-2.64e-09
562,.0139422,-.0005969,-3.14e-06,4.54e-12
563,.0126553,-.0003465,.0000231,-8.82e-09
564,.01204,-.0005286,.0000112,-2.09e-09
565,.0110789,-.000555,9.85e-06,-4.55e-09
566,.0142451,-.0006045,.0000361,-9.32e-09
567,.0145358,-.0006586,.0000152,-4.64e-09
568,.0123971,-.0004939,.0000255,-6.27e-09
569,.0123916,-.000496,.0000191,-5.71e-09
570,.0250712,-.0007649,.0000222,-5.46e-09
571,.0175206,-.000543,.00002,-6.62e-09
572,.0132103,-.0005111,5.08e-06,-1.14e-09
573,.0130615,-.0005197,.000018,-4.29e-09
574,.0147514,-.000507,.0000184,-7.59e-09
575,.0107797,-.0004467,.0000183,-5.69e-09
576,.0106043,-.0004038,2.97e-06,-1.86e-09
577,.0124536,-.0004829,.0000161,-5.90e-09
578,.0061168,-.0003186,5.20e-06,-2.54e-09
579,.014124,-.0006214,.0000222,-7.06e-09
580,.0120327,-.0004977,4.86e-06,-4.16e-10
581,.0119528,-.0004741,.0000114,-3.70e-09
582,.0183876,-.0006187,.0000233,-6.26e-09
583,.0134853,-.000539,5.61e-06,-3.17e-09
584,.0125553,-.0005,.0000319,-9.91e-09
585,.013915,-.0005491,.0000103,-4.25e-09
586,.0138869,-.0004448,6.80e-06,-2.88e-09
587,.0158983,-.0006565,.0000115,-5.40e-09
588,.0114127,-.0004993,7.13e-06,-2.29e-09
589,.0110666,-.0003897,-2.56e-06,-2.36e-09
590,.0117017,-.0005013,.0000107,-4.79e-09
591,.0134958,-.0005547,9.57e-06,-3.91e-09
592,.0151539,-.0004033,4.05e-06,-2.83e-09
593,.0095242,-.0003255,.000011,-4.12e-09
594,.0058945,-.0002103,8.71e-06,-3.30e-09
595,.0159263,-.0005966,.0000103,-4.61e-09
596,.0134546,-.0004464,5.11e-06,-6.50e-09
597,.0062872,-.0003284,.000021,-5.90e-09
598,.0233008,-.0007907,4.01e-06,-4.50e-09
599,.0081863,-.0003578,.0000175,-4.96e-09
600,.0135207,-.0005986,.0000198,-5.46e-09
601,.0169452,-.0005087,.0000204,-5.45e-09
602,.0077515,-.0004125,.0000107,-3.41e-09
603,.0153381,-.0006334,2.22e-06,-2.55e-09
604,.0088112,-.0004132,-3.20e-06,-1.50e-09
605,.008425,-.0004346,7.13e-06,-3.37e-09
606,.0190787,-.0005893,9.22e-06,-3.91e-09
607,.0138338,-.0004759,.0000173,-5.21e-09
608,.0167497,-.000624,.0000155,-2.84e-09
609,.0119663,-.0004846,3.31e-06,-1.23e-10
610,.0110268,-.0003336,5.60e-06,-2.25e-09
611,.011518,-.0005462,.000033,-9.33e-09
612,.0090631,-.000382,3.85e-06,-2.30e-09
613,.0158082,-.0005626,.000023,-5.61e-09
614,.0179413,-.0004461,.0000318,-8.65e-09
615,.0105477,-.0004505,.0000324,-8.53e-09
616,.0102122,-.0002737,.0000181,-5.58e-09
617,.0129214,-.0004931,.0000233,-8.23e-09
618,.0089214,-.0004427,.0000117,-4.47e-09
619,.0088912,-.0004135,1.21e-06,-2.31e-09
620,.0133153,-.000521,4.81e-06,-2.03e-09
621,.0122158,-.0004117,.0000166,-5.77e-09
622,.01015,-.0003426,-9.50e-06,1.37e-10
623,.0081775,-.0003208,.0000127,-4.34e-09
624,.0167638,-.0006538,.0000217,-6.44e-09
625,.0061295,-.0003722,.0000193,-6.25e-09
626,.0143498,-.0005313,.0000139,-4.37e-09
627,.0120356,-.0004528,.0000188,-5.73e-09
628,.0125863,-.0005404,8.58e-06,-3.00e-09
629,.017168,-.0006007,.0000129,-5.67e-09
630,.0144089,-.0005351,6.38e-06,-4.57e-09
631,.0070453,-.0003485,.000041,-8.83e-09
632,.0123694,-.0005425,.0000238,-7.54e-09
633,.0150264,-.0005425,8.96e-06,-5.32e-09
634,.0101939,-.0004968,.0000144,-2.49e-09
635,.0115268,-.0004202,4.83e-06,-4.28e-09
636,.008465,-.000422,.0000261,-7.26e-09
637,.01235,-.0004121,.0000114,-4.65e-09
638,.0119859,-.0004568,.0000142,-5.48e-09
639,.015972,-.0005807,.0000172,-4.60e-09
640,.0122595,-.0004656,.0000189,-4.74e-09
641,.0163013,-.0004862,5.36e-06,-2.84e-09
642,.0205936,-.0006917,9.03e-06,-4.63e-09
643,.0149919,-.000588,.00002,-5.67e-09
644,.0131577,-.000445,.0000146,-4.84e-09
645,.0136181,-.0005335,.0000186,-5.17e-09
646,.0121536,-.0004678,-3.18e-06,-3.24e-10
647,.0119915,-.0005481,.0000146,-7.23e-09
648,.0120981,-.0005059,.0000219,-4.87e-09
649,.01271,-.0005101,6.98e-06,-2.26e-09
650,.0123764,-.000466,.0000131,-3.47e-09
651,.011143,-.0003786,.0000187,-6.28e-09
652,.0185173,-.0006889,.0000192,-7.08e-09
653,.007457,-.0002992,.0000223,-6.82e-09
654,.0184268,-.0006411,.0000158,-5.10e-09
655,.0126668,-.0004201,-5.60e-06,-1.01e-09
656,.0095,-.0004689,.0000309,-9.32e-09
657,.0113938,-.0003627,.0000134,-4.42e-09
658,.0167521,-.0004976,.0000248,-7.60e-09
659,.017805,-.0005973,.0000204,-6.05e-09
660,.0141742,-.0005651,.0000162,-4.50e-09
661,.0159707,-.0004884,.0000142,-6.24e-09
662,.0108342,-.0004804,.0000146,-2.91e-09
663,.0059401,-.0002498,5.51e-06,-1.96e-09
664,.0215493,-.0007461,.0000111,-4.49e-09
665,.0119086,-.0005059,.00002,-5.25e-09
666,.0157615,-.0006787,8.68e-06,-3.63e-09
667,.0076095,-.0002135,.0000311,-1.11e-08
668,.0091696,-.0004195,.000033,-8.87e-09
669,.0228351,-.0006498,.0000222,-5.17e-09
670,.01256,-.0005573,.0000166,-5.73e-09
671,.0102238,-.0003863,.0000257,-7.21e-09
672,.0145647,-.0004746,.0000357,-9.69e-09
673,.0159867,-.0005927,7.28e-06,-3.68e-09
674,.0118049,-.0004283,.00001,-2.25e-09
675,.0136004,-.0003696,9.48e-06,-2.25e-09
676,.0129224,-.0005428,.0000115,-1.59e-09
677,.0126814,-.0004616,.000019,-4.45e-09
678,.0053793,-.0002422,.0000153,-5.51e-09
679,.0084181,-.000392,.000019,-5.94e-09
680,.0130448,-.0005007,.000014,-4.18e-09
681,.0131106,-.0005104,9.15e-06,-4.21e-09
682,.0101059,-.0004942,.0000137,-4.80e-09
683,.0123837,-.0005151,.0000208,-4.95e-09
684,.016391,-.0006996,.0000178,-6.74e-09
685,.0087021,-.0003234,.0000143,-4.21e-09
686,.0135412,-.0004024,.0000196,-5.32e-09
687,.0071998,-.0003749,-.0000131,2.04e-09
688,.0159099,-.0005622,.0000195,-6.93e-09
689,.0138138,-.0004687,.0000241,-8.30e-09
690,.010166,-.0004342,.0000191,-4.78e-09
691,.0070498,-.0003599,.000031,-9.12e-09
692,.0163006,-.0006335,.000021,-3.80e-09
693,.0114799,-.0003946,.000012,-3.52e-09
694,.0081785,-.0004343,8.97e-06,-2.66e-09
695,.0069391,-.000324,4.54e-06,-1.73e-09
696,.0123539,-.0005087,.0000192,-8.33e-09
697,.0164311,-.0003743,.0000207,-6.86e-09
698,.0103426,-.0003937,.0000144,-5.04e-09
699,.0098609,-.0003476,6.73e-06,-2.23e-09
700,.0128531,-.000399,4.49e-06,-4.19e-09
701,.0069713,-.0003725,.0000134,-2.05e-09
702,.0145233,-.0005162,1.18e-06,-4.22e-10
703,.0181559,-.0007493,.0000188,-5.57e-09
704,.0179346,-.0006448,7.64e-06,-4.34e-09
705,.014965,-.0006471,.0000125,-4.50e-09
706,.0113125,-.000392,.0000529,-1.42e-08
707,.0103884,-.0003405,.0000113,-4.99e-09
708,.0169614,-.0005425,6.55e-06,-3.47e-09
709,.0049926,-.0002398,7.31e-06,-2.81e-09
710,.0167802,-.0004975,.0000124,-3.74e-09
711,.0127963,-.0004823,.0000153,-3.89e-09
712,.0111143,-.0004301,.0000165,-3.78e-09
713,.0160019,-.0006817,.0000106,-3.70e-09
714,.0181149,-.0006725,.0000165,-4.08e-09
715,.0090884,-.0003035,.0000188,-5.38e-09
716,.0145854,-.0005153,.0000145,-2.95e-09
717,.0115998,-.0006263,.0000199,-5.69e-09
718,.0155051,-.0005256,.0000376,-1.19e-08
719,.0109108,-.0004625,.0000267,-7.98e-09
720,.0081036,-.0004179,.0000121,-5.28e-09
721,.0118651,-.0004889,.0000255,-7.95e-09
722,.0104417,-.0005713,.0000169,-3.39e-09
723,.0106731,-.0003819,8.12e-06,-2.52e-09
724,.0156381,-.0005416,.0000173,-5.28e-09
725,.0103411,-.0004608,.0000117,-4.49e-09
726,.0144255,-.0004993,5.55e-06,-2.21e-09
727,.0129739,-.0004893,2.05e-07,-2.43e-09
728,.0119224,-.0004386,.0000339,-1.06e-08
729,.0142258,-.00045,.000012,-3.75e-09
730,.0119943,-.0004744,.000026,-7.28e-09
731,.0128536,-.000397,.0000141,-5.80e-09
732,.0115261,-.0004204,.0000202,-5.23e-09
733,.0103357,-.0004242,2.53e-06,8.80e-11
734,.012814,-.0005247,-.0000106,2.58e-09
735,.019933,-.000702,7.66e-06,-3.10e-09
736,.0138372,-.0004255,.0000184,-7.29e-09
737,.0107978,-.0004355,.0000282,-6.20e-09
738,.0127656,-.0004832,.0000126,-3.11e-09
739,.0195622,-.0006393,.000018,-6.79e-09
740,.012049,-.0004524,.0000348,-1.15e-08
741,.0133166,-.0005228,.0000223,-7.07e-09
742,.0157542,-.0005851,.0000229,-8.11e-09
743,.013923,-.0005248,.0000159,-4.32e-09
744,.0097095,-.0003836,.000025,-6.60e-09
745,.0154579,-.0005647,-2.14e-06,-2.02e-09
746,.0075386,-.0004173,-4.16e-06,-3.77e-10
747,.0127306,-.0004906,.000017,-5.43e-09
748,.0108311,-.000364,.0000175,-6.48e-09
749,.0198578,-.0006269,.0000218,-6.59e-09
750,.0148978,-.0004848,.0000137,-5.81e-09
751,.0136795,-.0005408,.0000147,-5.81e-09
752,.0229095,-.0007816,.000012,-5.38e-09
753,.0158475,-.0005827,8.63e-06,-5.20e-09
754,.0133682,-.0004653,.0000178,-5.51e-09
755,.0010088,-.000062,.0000303,-9.53e-09
756,.0120412,-.0004843,.0000208,-6.20e-09
757,.0117339,-.0004857,-4.66e-06,-6.11e-10
758,.0164183,-.0006286,4.82e-06,-3.73e-09
759,.0193554,-.0006384,8.40e-06,-5.29e-09
760,.0189179,-.0006221,.0000243,-5.49e-09
761,.0145905,-.0003802,7.70e-06,-2.93e-09
762,.0061945,-.0003522,.00002,-5.93e-09
763,.0106484,-.0004871,.0000156,-4.52e-09
764,.0182221,-.0006115,7.56e-06,-3.13e-09
765,.0118985,-.0004355,7.21e-06,-3.43e-09
766,.0115812,-.000419,.0000129,-5.50e-09
767,.0105542,-.0005602,-.0000109,5.94e-10
768,.0091644,-.0003941,-2.17e-06,-1.71e-10
769,.0080789,-.0003634,5.32e-06,-2.27e-09
770,.0192696,-.0006472,.0000322,-9.04e-09
771,.0131317,-.0004259,.0000193,-5.78e-09
772,.0114966,-.0005138,.0000145,-3.56e-09
773,.0125575,-.0005341,1.00e-05,-2.85e-09
774,.006131,-.0001925,.0000111,-3.13e-09
775,.0031692,-.0003524,.0000158,-5.26e-09
776,.0126015,-.0004557,2.32e-06,-3.47e-09
777,.0154852,-.0005691,.00001,-3.63e-09
778,.0086341,-.0004347,.0000158,-6.89e-09
779,.0118831,-.0004756,.0000208,-5.70e-09
780,.0073351,-.0003177,.0000157,-4.58e-09
781,.0136068,-.0005603,9.28e-06,-2.70e-09
782,.0142963,-.000506,9.48e-06,-2.44e-09
783,.0138391,-.0006533,.0000153,-4.39e-09
784,.0111849,-.0004623,4.05e-06,-1.41e-09
785,.0139678,-.0004959,.0000237,-8.42e-09
786,.0104206,-.000434,8.54e-06,-2.84e-09
787,.0105265,-.0004179,.0000158,-6.51e-09
788,.0176052,-.0006166,-2.27e-06,-1.78e-09
789,.0108556,-.000334,.000011,-2.53e-09
790,.0137947,-.0004994,.0000146,-3.77e-09
791,.0092243,-.0003514,6.58e-06,-3.92e-09
792,.0117498,-.0003717,-5.49e-06,6.26e-10
793,.0132581,-.000571,6.52e-06,-2.01e-09
794,.0104465,-.0004278,.0000198,-4.72e-09
795,.0098658,-.0003437,.0000161,-4.71e-09
796,.0195354,-.0007514,.0000246,-6.89e-09
797,.0146839,-.0006217,.0000122,-3.92e-09
798,.0164777,-.0005469,9.13e-06,-3.15e-09
799,.009284,-.0004056,9.56e-06,-2.97e-09
800,.0133488,-.0006009,.000021,-4.65e-09
801,.014044,-.0005983,.0000164,-3.92e-09
802,.0139409,-.0004673,1.62e-06,-2.77e-09
803,.0277064,-.0008586,.0000125,-4.64e-09
804,.0149234,-.0005807,1.26e-06,-7.92e-10
805,.0129364,-.0005556,.0000135,-5.92e-09
806,.0149125,-.0006366,7.88e-06,-2.79e-09
807,.0154402,-.0006231,-4.32e-06,-3.65e-10
808,.0161418,-.0006571,.000026,-5.44e-09
809,.0108644,-.0004903,.0000108,-3.50e-09
810,.0201513,-.0007661,.0000109,-1.63e-09
811,.0137929,-.0005208,.0000171,-4.53e-09
812,.0139572,-.0004987,5.95e-06,-3.95e-09
813,.0137753,-.0005654,.0000157,-4.15e-09
814,.0142393,-.0005048,.0000134,-4.93e-09
815,.0121235,-.0004075,.0000182,-4.91e-09
816,.0148372,-.0005028,4.50e-06,-2.98e-09
817,.0102008,-.0005147,5.21e-06,-3.49e-09
818,.0071149,-.0003904,8.59e-06,-4.49e-09
819,.0162887,-.0005079,.0000129,-3.71e-09
820,.0112206,-.0005424,.0000106,-3.65e-09
821,.0161488,-.0005066,8.54e-06,-4.38e-09
822,.0117336,-.000463,9.75e-06,-3.46e-09
823,.0141596,-.00056,.0000102,-3.13e-09
824,.0144975,-.0004843,3.86e-06,-4.86e-09
825,.0141551,-.0004835,.0000102,-4.15e-09
826,.010821,-.0006035,.0000203,-4.85e-09
827,.0099957,-.0003477,.0000102,-4.28e-09
828,.0045106,-.0002746,.0000214,-6.91e-09
829,.0063671,-.0004366,.0000268,-8.27e-09
830,.0125471,-.0004295,5.65e-06,-2.69e-09
831,.0086691,-.0003021,.0000238,-6.32e-09
832,.0125355,-.0004931,9.40e-06,-5.13e-09
833,.0117406,-.0004974,.0000146,-3.16e-09
834,.0141345,-.0005306,.0000139,-3.15e-09
835,.0097006,-.000371,.000017,-7.05e-09
836,.0073826,-.0003139,9.40e-06,-2.49e-09
837,.014577,-.0005614,.000025,-8.17e-09
838,.0117623,-.0004303,.0000203,-7.94e-09
839,.0068204,-.0002935,.0000127,-3.28e-09
840,.0112628,-.0003991,.0000111,-4.27e-09
841,.0046853,-.0001804,.0000255,-8.81e-09
842,.0096032,-.0003807,.000031,-7.44e-09
843,.0077415,-.0002426,.0000234,-7.28e-09
844,.0126393,-.0004767,.0000194,-5.27e-09
845,.0066214,-.0002683,.0000244,-6.77e-09
846,.0097009,-.0004496,.0000215,-5.36e-09
847,.0108392,-.000354,.0000286,-9.00e-09
848,.0109783,-.0005349,-1.31e-06,7.68e-10
849,.0112139,-.0005404,.0000257,-7.39e-09
850,.0097851,-.0003926,.0000142,-3.20e-09
851,.0114394,-.0004622,.0000173,-4.29e-09
852,.0105429,-.0003862,.0000115,-3.27e-09
853,.0184502,-.0006689,.0000149,-4.01e-09
854,.0131015,-.0005676,9.86e-06,-4.02e-09
855,.014432,-.0006123,.0000251,-9.08e-09
856,.009735,-.0004857,6.39e-06,-3.55e-09
857,.0209794,-.000661,.0000101,-4.18e-09
858,.0187123,-.0006124,.0000158,-5.04e-09
859,.0182191,-.0007263,-.00001,2.24e-09
860,.0157297,-.0004548,.000027,-8.92e-09
861,.0128443,-.0005457,.0000156,-5.65e-09
862,.0111874,-.0003608,.00002,-6.00e-09
863,.014826,-.0005706,2.21e-06,-2.41e-09
864,.0133545,-.0004422,.0000124,-4.13e-09
865,.0089553,-.0004324,.0000119,-3.69e-09
866,.0099446,-.0003118,.0000178,-4.51e-09
867,.0206005,-.000698,.0000131,-4.18e-09
868,.0175171,-.0006554,.0000214,-5.47e-09
869,.0124928,-.0005623,.0000225,-7.18e-09
870,.0150611,-.0004573,.0000185,-8.00e-09
871,.0158058,-.0005446,7.93e-06,-3.17e-09
872,.0122512,-.0004022,-1.95e-06,-2.00e-09
873,.0097384,-.0004153,-.0000115,3.92e-09
874,.0108863,-.0004836,.0000112,-5.26e-09
875,.015718,-.0005137,.0000345,-1.01e-08
876,.0141967,-.0004943,6.09e-06,-3.05e-09
877,.0162555,-.00066,9.44e-06,-2.35e-09
878,.0249661,-.0007963,.0000117,-4.71e-09
879,.008839,-.000265,.0000174,-5.50e-09
880,.0163327,-.0005461,3.36e-06,-1.72e-09
881,.0071165,-.0002816,.0000123,-2.98e-09
882,.004505,-.0002659,.000013,-5.18e-09
883,.0103402,-.0004547,7.23e-06,-4.42e-09
884,.0014784,-.0001043,.0000183,-4.21e-09
885,.0158653,-.0005941,7.48e-06,-3.26e-09
886,.0145873,-.0005648,9.97e-06,-4.80e-09
887,.0083743,-.0003163,7.72e-06,-3.25e-09
888,.012819,-.0004462,6.49e-06,-4.31e-10
889,.012133,-.0005293,.0000204,-5.50e-09
890,.0181762,-.0006069,9.48e-06,-4.89e-09
891,.01197,-.0003642,9.90e-06,-5.30e-09
892,.0157693,-.0005072,.0000344,-9.81e-09
893,.0179273,-.0006909,3.72e-06,-3.32e-09
894,.013612,-.0004552,5.38e-06,-4.23e-09
895,.0120512,-.0005583,.000013,-3.59e-09
896,.0160524,-.0006062,.000027,-8.10e-09
897,.0149784,-.0005328,.000014,-4.73e-09
898,.0110588,-.0004013,.0000128,-3.07e-09
899,.0145362,-.0006364,.0000134,-5.12e-09
900,.012283,-.0003961,.0000272,-6.57e-09
901,.0107352,-.0005267,.0000236,-6.97e-09
902,.0103469,-.0003723,.0000249,-9.36e-09
903,.0100381,-.0004329,.0000155,-5.23e-09
904,.0123899,-.000526,-6.27e-06,-1.02e-09
905,.0128113,-.0003975,3.86e-06,-3.10e-09
906,.0112693,-.000477,.0000202,-7.10e-09
907,.007398,-.0003332,.000033,-9.14e-09
908,.0168595,-.0005386,.0000196,-7.37e-09
909,.0119856,-.0005133,.000012,-3.65e-09
910,.0169683,-.0005647,.0000138,-4.39e-09
911,.0094636,-.0003852,.0000207,-6.69e-09
912,.0134385,-.0005207,6.15e-06,-1.27e-09
913,.0108928,-.000458,.0000134,-5.12e-09
914,.0143489,-.0006023,.000022,-7.21e-09
915,.0116736,-.0004848,.0000111,-3.91e-09
916,.0104167,-.0004649,.0000189,-5.49e-09
917,.0101581,-.0004019,.000012,-3.56e-09
918,.0129596,-.0003992,7.98e-06,-2.02e-09
919,.0162406,-.0005758,4.97e-06,-1.86e-09
920,.0136612,-.0005419,4.99e-06,-3.98e-09
921,.0128555,-.000559,.0000154,-4.18e-09
922,.014283,-.0004579,.000026,-7.83e-09
923,.0159693,-.0004653,.000027,-7.25e-09
924,.0108023,-.0004323,.0000153,-4.69e-09
925,.0149359,-.0005012,9.18e-06,-3.89e-09
926,.0138793,-.0005707,.0000269,-7.84e-09
927,.0154248,-.0005004,.0000174,-6.15e-09
928,.0074726,-.0004729,.0000104,-4.01e-09
929,.0104812,-.0003858,.0000227,-5.82e-09
930,.0164769,-.0006548,6.27e-06,-2.92e-09
931,.0087209,-.0004561,.0000364,-9.79e-09
932,.0085103,-.0003424,.0000163,-5.55e-09
933,.0091162,-.0002519,.0000188,-5.94e-09
934,.013906,-.0004781,.0000191,-6.73e-09
935,.0179131,-.0007206,.0000199,-5.76e-09
936,.0124038,-.0004781,.000039,-1.01e-08
937,.0127752,-.0004422,.0000165,-5.78e-09
938,.0109172,-.0005041,.0000187,-3.77e-09
939,.0052881,-.0003159,.0000116,-4.49e-09
940,.0170038,-.0006783,.000017,-3.80e-09
941,.01606,-.0006413,1.02e-06,7.84e-11
942,.0110249,-.000415,3.04e-06,-2.10e-09
943,.0108494,-.0004427,.0000173,-4.28e-09
944,.0144016,-.0005567,.0000195,-5.37e-09
945,.0157518,-.0005729,.0000241,-9.03e-09
946,.0160583,-.0006156,.0000208,-7.47e-09
947,.0190085,-.0006612,-7.74e-07,-1.20e-09
948,.0162275,-.0006572,5.97e-06,-5.05e-09
949,.0127135,-.000408,.0000145,-3.68e-09
950,.0127962,-.0003545,.0000111,-4.22e-09
951,.0254759,-.0008351,.0000142,-3.94e-09
952,.0120259,-.0004729,.000024,-7.06e-09
953,.0095541,-.0002989,.0000148,-5.81e-09
954,.0054828,-.0003226,.0000377,-9.17e-09
955,.006537,-.0002492,.0000176,-5.29e-09
956,.0118204,-.0004039,.0000135,-2.98e-09
957,.0144957,-.0005456,8.01e-06,-1.90e-09
958,.0154839,-.0005604,.0000175,-4.18e-09
959,.0139516,-.0004437,-1.67e-06,-2.53e-09
960,.016332,-.0005147,.0000231,-6.82e-09
961,.0154157,-.0005598,.0000223,-5.81e-09
962,.0083271,-.0003075,.0000143,-3.98e-09
963,.00973,-.0003983,.0000265,-6.49e-09
964,.0086829,-.0003023,.0000158,-5.98e-09
965,.0144179,-.0004728,.0000122,-4.10e-09
966,.0136161,-.0005429,.0000206,-3.72e-09
967,.0200855,-.0006972,.0000306,-8.02e-09
968,.0144205,-.0005724,-1.51e-06,-2.25e-10
969,.010237,-.0004811,.0000183,-5.34e-09
970,.0109924,-.0004449,.0000262,-7.07e-09
971,.0121931,-.0004501,.0000101,-2.42e-09
972,.0112682,-.0004063,.0000151,-2.62e-09
973,.0146341,-.0005469,9.59e-06,-2.79e-09
974,.0163536,-.0006477,.0000168,-3.70e-09
975,.0159876,-.0005455,.0000118,-3.10e-09
976,.0234381,-.0007003,.0000157,-5.83e-09
977,.0101517,-.00035,.0000296,-7.68e-09
978,.0212824,-.0008289,.0000199,-5.55e-09
979,.0165354,-.0006392,.0000353,-7.89e-09
980,.0171451,-.0006514,.0000201,-6.00e-09
981,.0140618,-.000535,.0000175,-4.53e-09
982,.0107931,-.0003547,.0000272,-7.87e-09
983,.0133399,-.000422,.0000285,-6.32e-09
984,.0142609,-.0004666,.0000172,-5.08e-09
985,.009781,-.000454,.0000474,-1.18e-08
986,.013057,-.0004474,.0000326,-1.10e-08
987,.0089383,-.0004236,.0000273,-7.33e-09
988,.0256949,-.0007801,.0000175,-4.36e-09
989,.0110728,-.0004216,4.23e-06,-2.69e-09
990,.0173891,-.0005248,.0000134,-4.11e-09
991,.0130375,-.0005261,.0000316,-7.99e-09
992,.0114004,-.0003576,.0000173,-5.12e-09
993,.005257,-.0002888,6.90e-06,-2.59e-09
994,.0129288,-.0004567,.0000102,-3.74e-09
995,.0120272,-.0004155,4.88e-06,-1.36e-09
996,.0093903,-.0002656,.0000138,-5.81e-09
997,.0140751,-.0004889,.0000206,-6.40e-09
998,.0079399,-.0002911,.0000226,-6.35e-09
999,.0050871,-.000242,.0000231,-5.42e-09
1000,.0212633,-.0006711,-6.31e-07,-7.98e-10