run,temp,temppoor,temp2,temp2poor,prec,precpoor,prec2,prec2poor
0,.0073022,.0395784,-.0002777,-.0010703,3.69e-06,.0000405,-1.72e-09,-1.14e-08
1,.0124222,.055099,-.0004482,-.0012996,3.41e-07,9.04e-06,1.82e-11,-8.19e-09
2,.0054765,.018641,-.0001394,-.000666,-4.17e-07,.0000482,-1.34e-09,-1.35e-08
3,.0101346,.0381672,-.0003366,-.0012057,1.25e-06,.0000328,-2.24e-09,-8.31e-09
4,.0060213,.0186006,-.0002871,-.0005448,2.43e-06,.0000556,-8.90e-10,-1.31e-08
5,.0099406,.0410264,-.0003981,-.0011774,-6.44e-06,.000041,1.71e-09,-1.21e-08
6,.0076166,.0396705,-.0004827,-.0011778,-.0000122,.0000294,9.02e-10,-8.91e-09
7,.0055286,.0126084,-.0000832,-.0006055,-4.72e-06,.0000346,1.22e-10,-1.06e-08
8,.0146161,.0371004,-.0005372,-.0009866,-1.13e-06,.0000537,-2.27e-09,-1.43e-08
9,.0022874,.0477419,-.0000922,-.0012523,-2.27e-06,.0000292,-3.03e-10,-9.66e-09
10,.0069476,.0033081,-.0002563,-.0004401,-.0000318,.0000312,5.66e-09,-7.21e-09
11,.0098001,-.0032436,-.0003067,-.000246,-9.87e-06,.0000467,2.41e-09,-1.18e-08
12,.0044892,.0067675,-.000172,-.0004987,-.0000265,.0000397,4.29e-09,-1.05e-08
13,.0061229,.0148091,-.0001558,-.0005599,.0000191,.000044,-3.43e-09,-1.24e-08
14,-.0015511,.0327024,-.0000776,-.000618,.0000223,.0000501,-4.39e-09,-1.32e-08
15,.0081872,.0544311,-.0003915,-.0013782,2.56e-06,.0000213,-2.04e-09,-7.42e-09
16,.0069083,-.0536934,-.0002624,.0007352,.0000145,-1.36e-06,-6.28e-09,1.43e-09
17,.0098255,.0444827,-.0004924,-.0009627,-.0000146,.0000446,4.89e-09,-1.25e-08
18,.0044256,.0193568,-.0001558,-.0004946,6.76e-06,.0000264,-5.69e-09,-7.62e-09
19,.0066797,.0451084,-.000254,-.0011706,4.31e-07,.0000232,-1.85e-09,-7.07e-09
20,.0093297,.0378822,-.000361,-.0012178,-.0000141,.0000324,1.26e-09,-6.96e-09
21,.0052737,.0331593,-.0001627,-.0007349,6.40e-06,.0000432,-2.89e-09,-1.19e-08
22,.0059057,.0408678,-.0001462,-.0010125,.0000225,.0000645,-5.78e-09,-1.52e-08
23,.0064549,.0460968,-.0002591,-.001288,8.97e-06,.0000417,-7.40e-10,-1.10e-08
24,.0077531,.0150809,-.0001988,-.0006655,-.0000167,.0000215,1.77e-09,-8.90e-09
25,.0111495,.0272919,-.0004337,-.0009986,-5.70e-06,.0000496,-6.62e-10,-1.21e-08
26,.000531,.0436454,-.0000956,-.0009513,.0000148,.0000421,-5.48e-09,-1.07e-08
27,.0097366,.0324833,-.0003211,-.0010097,-4.44e-06,.0000307,-3.19e-10,-9.07e-09
28,.0116456,.0425262,-.000299,-.0011364,.0000232,.0000636,-7.14e-09,-1.45e-08
29,.0054224,.0286702,-.0001301,-.000827,-3.72e-06,.0000448,-2.12e-10,-1.31e-08
30,.0126399,.0895416,-.000397,-.0020837,.0000276,.0000254,-8.27e-09,-7.11e-09
31,.0116066,.0258452,-.0004776,-.0006533,.0000172,.0000365,-6.19e-09,-1.01e-08
32,.0110254,.0860287,-.0004204,-.0020647,7.34e-06,.0000385,-4.78e-09,-1.14e-08
33,.0060437,.0803287,-.0003032,-.0017675,.000034,.0000512,-9.59e-09,-1.53e-08
34,.0041517,.0277645,-.000116,-.001041,7.48e-06,.0000364,-3.50e-09,-1.03e-08
35,.0068779,.0384163,-.0002546,-.0010391,9.47e-06,.0000236,-7.28e-09,-7.57e-09
36,.0073068,.0351936,-.0002861,-.0010468,1.60e-06,.0000347,-4.31e-09,-1.04e-08
37,.0053804,.0067084,-.0002031,-.0004343,7.45e-06,.0000409,-5.30e-09,-1.29e-08
38,.0042675,.0312891,-.0002253,-.0008697,.0000227,.0000727,-6.33e-09,-1.98e-08
39,.0074237,.0594045,-.0003159,-.0013872,-.0000251,.0000758,7.56e-09,-2.04e-08
40,.0084845,.0542466,-.0004628,-.0013438,.0000317,.0000358,-7.98e-09,-9.37e-09
41,.0030797,.0299489,-.0001392,-.0008735,6.81e-06,.0000463,-5.39e-09,-1.85e-08
42,.0066445,.0297161,-.0001388,-.0006999,-.0000129,.0000557,4.24e-09,-1.44e-08
43,.0196363,.0423413,-.0007955,-.0011262,-.0000156,.0000235,5.55e-10,-7.95e-09
44,.0100995,.0477378,-.0003923,-.0012682,1.84e-06,.0000278,-2.08e-10,-7.51e-09
45,.0088614,.0202226,-.0003309,-.0005871,2.37e-06,.0000673,-1.91e-09,-1.76e-08
46,.0109164,.051886,-.0004676,-.0012279,-.0000113,.0000365,2.51e-09,-1.40e-08
47,.0042839,.0239085,-.0001777,-.0007393,-.0000119,.0000507,3.09e-09,-1.39e-08
48,.0015067,.0387788,-.0000436,-.0010804,-6.76e-06,.0000531,1.32e-09,-1.57e-08
49,.0057149,.0426668,-.0002411,-.00114,-2.60e-06,.0000313,3.13e-10,-8.82e-09
50,.0088636,.0488905,-.0004895,-.0012859,.0000163,.0000688,-8.16e-09,-2.03e-08
51,.007986,.0382639,-.0003519,-.0011286,6.15e-07,.000084,-2.60e-09,-1.84e-08
52,.0077014,.0344298,-.0004435,-.0011478,.0000117,.0000347,-2.80e-09,-7.41e-09
53,.0041523,.0743583,-.0001688,-.0018108,.0000217,.0000249,-5.82e-09,-7.38e-09
54,.0126931,.0156906,-.0006108,-.0005779,-8.92e-06,.0000375,1.83e-09,-1.14e-08
55,.0058099,.0496146,-.000231,-.0013664,.0000138,.0000725,-1.85e-09,-1.64e-08
56,.0094383,.0276925,-.0003478,-.0008958,7.07e-06,.0000432,-3.66e-09,-1.65e-08
57,.0106271,.0551264,-.000493,-.0013688,-6.81e-06,.000059,-4.57e-11,-1.74e-08
58,.0069639,.0186963,-.000225,-.0006893,4.70e-06,.0000214,-1.62e-09,-5.70e-09
59,.0062692,.0854487,-.0002734,-.0019099,.0000148,.0000463,-5.03e-09,-1.35e-08
60,.020083,.0346305,-.0004955,-.0008593,2.56e-06,.0000262,5.06e-10,-7.97e-09
61,.0109077,.0283188,-.0003168,-.0007437,5.82e-06,.000053,-3.37e-09,-1.44e-08
62,.002079,.0316042,-.0000294,-.0009137,-1.21e-06,.0000161,-1.94e-09,-6.84e-09
63,.0050575,.041231,-.0002781,-.0010714,-.0000151,.0000417,3.91e-09,-1.09e-08
64,.00239,.0607386,-.000072,-.0013648,.0000227,.0000523,-5.32e-09,-1.44e-08
65,.0117772,.0214179,-.0005353,-.0005675,.0000178,.0000293,-5.71e-09,-8.02e-09
66,.0077651,.0360365,-.0002682,-.0012047,-5.59e-06,.0000323,2.80e-09,-1.11e-08
67,.0044748,.0076618,-.0001906,-.0003983,7.60e-06,.0000614,-3.79e-09,-1.54e-08
68,.0092779,.0486744,-.0003784,-.0012802,9.22e-06,.0000318,-2.99e-09,-7.93e-09
69,.0095763,.0553201,-.0003146,-.0014462,-8.37e-06,.0000517,2.18e-09,-1.26e-08
70,.0009,.0527869,-.0000746,-.0013043,-7.94e-06,.0000302,9.77e-10,-9.35e-09
71,.0046112,.0460553,-.0002621,-.0012515,-4.75e-06,.0000483,-7.48e-10,-1.07e-08
72,.0086496,.0528251,-.0003047,-.0014123,.0000122,.0000427,-7.23e-09,-9.90e-09
73,.0077691,.0315049,-.0002976,-.0008286,9.50e-06,.0000512,-3.02e-09,-1.65e-08
74,.0028157,.0399431,-.0001293,-.0009457,3.81e-07,.0000527,-8.04e-10,-1.26e-08
75,.0116629,.0469939,-.0003849,-.0012459,.000024,.0000396,-8.12e-09,-1.02e-08
76,.0094638,.0384686,-.0003954,-.001145,.0000187,.0000263,-7.20e-09,-7.93e-09
77,.0146302,.0318726,-.0004227,-.0010725,.0000163,.0000268,-6.53e-09,-9.48e-09
78,.0053993,.0171332,-.0001225,-.0005787,8.34e-06,.000037,-4.04e-09,-1.11e-08
79,.0085912,.0112631,-.0003245,-.0005838,.0000276,.0000449,-7.65e-09,-1.31e-08
80,.0111017,.0601744,-.0003143,-.0015452,-9.15e-06,.000011,1.64e-09,-5.16e-09
81,.0052203,.0310816,-.0003334,-.0010665,7.06e-06,.0000427,-2.88e-09,-1.25e-08
82,.0052083,.0641451,-.000271,-.0015245,-7.10e-06,.0000351,3.56e-09,-1.12e-08
83,.0067189,.0143533,-.0000723,-.0006825,1.48e-06,.0000638,-1.59e-09,-1.69e-08
84,.0099382,-.0090437,-.0005175,-.0000877,3.77e-06,.0000226,-3.17e-09,-9.21e-09
85,.0170065,.0491605,-.0005171,-.0013235,.0000149,.0000398,-6.65e-09,-1.28e-08
86,.0049778,.0353931,-.0000623,-.0008638,4.38e-09,.0000549,6.24e-10,-1.41e-08
87,.0101898,.0162677,-.0002545,-.0007118,-7.10e-06,.0000191,2.70e-09,-5.84e-09
88,.0135993,.0517707,-.0004692,-.0014504,-3.96e-06,.0000456,2.76e-09,-1.08e-08
89,.012418,.0286235,-.0003933,-.000673,-.0000189,.0000447,1.30e-09,-1.31e-08
90,.0036816,.0161042,-.0001296,-.0005541,-3.31e-06,.000044,-5.12e-10,-1.13e-08
91,.0083729,.0293538,-.0002521,-.0008259,-.0000118,.0000581,4.95e-09,-1.56e-08
92,.0078131,.0096487,-.0002904,-.0003614,-9.17e-06,.0000365,7.91e-10,-1.21e-08
93,.001131,.0634378,-.0000659,-.0015485,.0000246,.0000295,-8.85e-09,-7.92e-09
94,.0043928,.0316755,-.0002382,-.0007993,-.0000146,.0000334,2.93e-09,-1.09e-08
95,.00703,.0446956,-.0003319,-.0012336,-4.65e-06,.0000303,-3.47e-09,-9.07e-09
96,.0046751,.0392086,-.0000969,-.0010196,-7.56e-07,.0000183,-8.78e-10,-5.56e-09
97,.006758,.0993735,-.0002246,-.0022825,9.24e-07,.0000298,-4.88e-10,-8.85e-09
98,.0064291,.0188458,-.0003047,-.0006092,3.75e-06,.0000578,-1.44e-09,-1.53e-08
99,.0041086,.0174778,-.0001511,-.000767,9.43e-06,.0000341,-4.42e-09,-9.39e-09
100,.0111244,.0443933,-.0005108,-.0012795,-.0000125,.0000315,5.04e-10,-6.12e-09
101,.0078777,.0423461,-.000314,-.0012054,.0000155,.0000501,-6.12e-09,-1.57e-08
102,.0068172,.0250476,-.0002523,-.0007689,-1.50e-07,.000034,-2.93e-09,-9.22e-09
103,-.0014018,.0421417,-.000018,-.0009937,.0000178,.0000442,-4.22e-09,-1.44e-08
104,.0071009,.0640563,-.0002403,-.0016125,-4.22e-06,.0000461,7.17e-10,-1.28e-08
105,.0105912,.0676378,-.0002812,-.0016128,-6.60e-06,.0000474,-1.46e-09,-1.28e-08
106,.0093924,.0301917,-.0003144,-.0009771,-.0000339,.0000204,9.02e-09,-5.76e-09
107,.0017066,.0369694,-.0001237,-.0009476,-7.71e-06,.0000523,3.53e-10,-1.29e-08
108,.0101383,.0488208,-.0004369,-.001345,5.22e-07,.0000335,3.18e-10,-1.24e-08
109,.0141114,.0436054,-.0003928,-.0012022,-7.63e-06,.0000392,-7.89e-10,-1.21e-08
110,.0009794,.0324032,-.000078,-.0011028,2.62e-07,.0000288,-2.08e-10,-6.73e-09
111,.0021038,.0384752,-.0001903,-.0012458,-6.72e-06,.0000612,-8.71e-11,-1.41e-08
112,.013285,.0252128,-.0004478,-.0007759,.0000175,.0000415,-3.12e-09,-1.04e-08
113,.0096861,.0361272,-.0003211,-.0010173,.0000128,.0000388,-1.37e-09,-9.93e-09
114,.0113594,.1000599,-.0004005,-.0023098,.0000118,.0000386,-4.03e-09,-1.03e-08
115,.008454,.0276403,-.0002621,-.0008181,-.0000137,.0000518,2.26e-09,-1.61e-08
116,.0023355,.1196255,-.0000913,-.0028257,.0000212,.0000693,-4.24e-09,-2.02e-08
117,.0003157,.0310209,-.0001163,-.0008603,4.42e-06,.0000514,-1.36e-09,-1.35e-08
118,.0058273,.0632902,-.000296,-.0014743,-9.70e-06,.0000537,2.99e-09,-1.37e-08
119,.0144127,.0512234,-.0005308,-.0013611,-8.18e-06,.0000263,-1.53e-10,-9.31e-09
120,.0065474,.0173088,-.0001309,-.0006459,.0000127,.0000461,-3.04e-09,-1.16e-08
121,.0227319,.021161,-.0008282,-.0008096,-.0000241,.0000374,5.59e-09,-8.90e-09
122,.0150388,-.0108442,-.0004633,-.0000523,.0000147,.000046,-5.28e-09,-1.42e-08
123,.0097335,.071824,-.0004107,-.0018695,-2.87e-06,.0000221,2.94e-09,-9.42e-09
124,.0099075,.0377323,-.0004764,-.0011739,-9.82e-06,.0000397,-1.42e-09,-1.12e-08
125,.0007708,.041711,-.0000627,-.001196,.0000167,.0000627,-4.94e-09,-1.68e-08
126,.0115889,.0430122,-.0004255,-.0010831,-.0000117,.0000672,1.09e-09,-1.74e-08
127,.0057802,.0588796,-.0001566,-.001457,.00004,.00005,-1.27e-08,-1.42e-08
128,.0101979,.0725388,-.0002906,-.0017497,4.77e-06,.0000424,-1.43e-09,-1.36e-08
129,.0029637,.0732443,-.0000763,-.001699,-3.21e-06,.000052,-2.26e-09,-1.19e-08
130,.0146932,.0370505,-.0004692,-.0010641,-.0000106,.000041,8.03e-10,-1.26e-08
131,.0046398,.0208355,-.0001963,-.0005459,.0000177,.0000201,-4.28e-09,-8.00e-09
132,.0041714,.0530565,-.0000448,-.0013089,-.0000122,.0000412,3.21e-09,-1.03e-08
133,.0112832,.0405038,-.0005392,-.0010899,1.63e-06,.0000722,-2.14e-09,-1.77e-08
134,.0113938,.0432213,-.0003108,-.0010098,-8.05e-07,.0000634,1.31e-09,-1.60e-08
135,.0083046,.0197259,-.0002935,-.0005694,7.88e-06,.0000355,-8.39e-10,-1.08e-08
136,.006899,.0405876,-.0002363,-.001045,4.27e-06,.0000561,-5.99e-10,-1.50e-08
137,.0047818,.0592295,-.000178,-.001277,.0000193,.0000416,-6.26e-09,-1.30e-08
138,-.0005633,.0647932,-3.42e-06,-.0017867,-3.04e-06,.0000147,-2.69e-09,-4.09e-09
139,.0018178,.035472,-.0001712,-.0009622,.0000234,.0000202,-5.44e-09,-7.59e-09
140,.0091511,.0414061,-.0003344,-.0010359,-.0000156,.0000342,2.45e-09,-1.11e-08
141,.0055359,.0498923,-.0001419,-.0011849,.0000175,.0000623,-1.70e-09,-1.85e-08
142,.0083476,.0262275,-.0003443,-.0010093,8.98e-06,.0000329,-5.30e-09,-9.43e-09
143,.0066657,.0403018,-.0001617,-.0010964,.0000175,.0000186,-5.82e-09,-8.43e-09
144,.0009808,.055765,-.000019,-.0014618,-.0000102,.0000399,5.32e-10,-1.37e-08
145,.0056152,.0462393,-.0002399,-.0009893,.0000221,.0000396,-8.03e-09,-1.35e-08
146,.0063849,.044773,-.0002194,-.0012331,.0000282,.0000346,-4.39e-09,-8.63e-09
147,.0066515,.069322,-.000372,-.0017475,.0000101,.0000245,-2.50e-09,-7.07e-09
148,.0082035,.0593755,-.0003073,-.0015474,-.0000206,.0000341,4.67e-09,-9.95e-09
149,.010787,.0215513,-.0003548,-.0005,.0000169,.0000471,-7.20e-09,-1.58e-08
150,.0073441,.0274611,-.0003965,-.0007995,-2.97e-06,.0000403,2.22e-09,-1.20e-08
151,.0069399,.0377605,-.0002566,-.0010712,.0000123,.0000272,-5.81e-09,-6.97e-09
152,.0135163,.0755204,-.0005503,-.0017939,-.0000142,.0000567,3.35e-09,-1.36e-08
153,.0098942,.035442,-.0003386,-.0010862,-.0000175,.0000242,3.78e-09,-7.20e-09
154,.0000327,.0701253,5.44e-06,-.0017581,.0000115,.0000344,-6.47e-09,-1.07e-08
155,.0053393,.0122345,-.0002386,-.0005125,.0000132,.0000364,-2.64e-09,-1.08e-08
156,.0039602,.043285,-.0001884,-.0012697,-1.20e-06,.000014,1.10e-09,-3.98e-09
157,.0022677,.0469251,-.0001742,-.0010903,.0000133,.0000329,-2.78e-09,-1.45e-08
158,.0100219,.0588313,-.0002449,-.0012539,2.31e-06,.0000696,-2.30e-09,-2.20e-08
159,.0106443,.0545113,-.0003536,-.0014286,-1.42e-06,.000046,-1.32e-09,-1.36e-08
160,.0052507,.0462173,-.0002866,-.001151,3.77e-06,.0000756,-3.29e-09,-2.10e-08
161,.0030869,.0371058,-.0002028,-.0009345,-2.65e-06,.0000569,1.05e-09,-1.48e-08
162,.009912,.0964809,-.0003493,-.0021721,.0000124,.0000569,-2.74e-09,-1.76e-08
163,.0090927,.0653261,-.0003128,-.0017494,-9.31e-06,.0000274,3.28e-09,-7.60e-09
164,.0039129,.0301403,-.0001797,-.0009453,.000018,4.60e-06,-2.06e-09,-2.93e-09
165,.0072546,.0773194,-.0002763,-.0018564,.0000197,.0000584,-8.01e-09,-1.48e-08
166,.0036037,.0546938,-.00015,-.0013758,.0000167,.0000563,-1.03e-09,-1.67e-08
167,.0095374,.0406924,-.0002712,-.0011398,3.39e-06,.0000191,-1.95e-10,-3.94e-09
168,.0033651,.0324198,-.0001375,-.0006371,.0000121,.0000374,-2.28e-09,-1.10e-08
169,.0016273,.0659008,-.0002007,-.0014376,-.000011,.0000493,3.17e-09,-1.39e-08
170,.0054458,.0348169,-.0002009,-.000896,-8.91e-06,.0000658,4.13e-09,-1.71e-08
171,.0178995,.039631,-.0006428,-.0011904,-.0000233,.0000197,4.21e-09,-7.00e-09
172,.005518,.0258826,-.0003002,-.0006515,-.0000116,.0000404,1.52e-09,-1.23e-08
173,.0065559,.0147763,-.0001216,-.0006432,7.58e-06,.0000252,-2.35e-09,-9.12e-09
174,.0007417,.0422478,-.0002718,-.0010838,.0000199,.0000301,-4.30e-09,-8.66e-09
175,.0086405,.045051,-.0002712,-.0011328,5.00e-06,.0000349,-1.24e-09,-1.25e-08
176,.0119236,.0447319,-.000448,-.0011482,2.08e-06,.0000517,-2.11e-09,-1.42e-08
177,.0096288,.05301,-.0003076,-.0013601,.000022,.0000334,-6.53e-09,-9.94e-09
178,.0037161,.0698587,-.0001584,-.0018522,.0000197,.0000413,-6.69e-09,-1.06e-08
179,.0052058,.0384777,-.0002534,-.0011488,-5.54e-06,.0000458,6.80e-10,-1.22e-08
180,.003952,.0269351,-.0001074,-.0006421,1.69e-06,.0000214,4.95e-10,-8.23e-09
181,.0119785,.0327293,-.0004051,-.0008454,.0000126,.0000539,-1.88e-09,-1.52e-08
182,.011434,.0421936,-.0005028,-.0010491,.0000152,.0000593,-5.91e-09,-1.79e-08
183,.0051696,.0842644,-.0003235,-.0018271,-6.09e-06,.0000722,-3.15e-09,-1.93e-08
184,.0058494,.0432918,-.000331,-.0011279,-8.73e-06,.0000242,-2.03e-10,-7.09e-09
185,.0112117,.0850406,-.0004824,-.001762,3.05e-06,.0000636,-1.64e-10,-1.75e-08
186,.0046452,.0659012,-.0003381,-.0015053,.0000267,.0000337,-1.51e-09,-1.24e-08
187,.0015098,.0484665,-.0000236,-.0011195,-3.82e-06,.0000595,-4.83e-11,-1.87e-08
188,.0084893,.0097426,-.000298,-.000428,-.0000141,.0000193,2.78e-09,-9.89e-09
189,.0055449,.0532278,-.0002622,-.0014942,8.96e-06,.0000341,-3.34e-09,-8.22e-09
190,.0123481,.0450155,-.0004647,-.0013238,-.0000135,.0000264,1.27e-09,-6.63e-09
191,.0110553,.0312808,-.0003803,-.0009966,.0000187,.0000511,-4.66e-09,-1.31e-08
192,.0076136,.017885,-.00028,-.0007678,5.24e-06,.0000341,-4.19e-09,-1.23e-08
193,.0130849,.0213413,-.0004087,-.0006122,-9.09e-07,.000046,2.98e-09,-1.51e-08
194,.0041926,.0340376,-.000099,-.0009068,5.94e-06,.000062,-1.72e-09,-1.88e-08
195,.0041095,.0493414,-.0002122,-.0011416,-7.35e-06,.0000412,-6.68e-11,-1.23e-08
196,.0052376,.0059837,-.0001867,-.000497,-7.19e-07,.0000392,5.48e-10,-1.02e-08
197,.0033975,.0305866,-.0002436,-.0008921,1.46e-06,.0000293,-9.92e-10,-8.07e-09
198,.00578,.0421022,-.0001882,-.0010946,-.000015,.0000323,4.38e-09,-1.10e-08
199,-.0002711,.0436633,-.0001708,-.0010105,4.85e-06,.0000205,-1.36e-09,-4.18e-09
200,.0073003,.0239119,-.0002566,-.0007078,-4.78e-06,.0000195,-2.61e-09,-6.60e-09
201,.0054824,.0359393,-.0001614,-.000846,.0000185,.0000259,-3.08e-09,-1.16e-08
202,.0128029,.0532392,-.0004416,-.0014913,-1.69e-06,.0000763,-2.00e-09,-1.74e-08
203,.0067334,.0508141,-.0002751,-.0011961,-.0000206,.000041,4.49e-09,-1.11e-08
204,.0034284,.0336433,-.0001184,-.0009799,-4.32e-06,.0000389,-1.46e-09,-1.09e-08
205,.0011473,.0672014,-.0000478,-.001629,2.34e-06,.0000571,3.28e-10,-1.43e-08
206,.0007234,-.0314894,-.0000767,.0003801,.0000187,.0000295,-4.21e-09,-7.65e-09
207,.0085366,-.0053557,-.0002916,-.0000769,9.59e-06,.000027,-2.76e-09,-7.34e-09
208,.010601,.0086696,-.0002979,-.0004587,6.30e-06,.0000408,-2.96e-09,-1.27e-08
209,.0078934,.0305834,-.0004217,-.0008966,-1.88e-06,.0000555,1.64e-09,-1.38e-08
210,.0109583,.0257407,-.000563,-.0007916,-.0000119,.0000485,-4.44e-10,-1.51e-08
211,.0129476,.0648154,-.0004485,-.001549,-.0000124,.0000373,7.39e-10,-1.13e-08
212,.0026837,.0284416,-8.87e-06,-.000954,.0000102,.0000414,-2.54e-09,-1.10e-08
213,.0117728,.0388758,-.0005203,-.0011007,-.000015,.0000698,3.21e-10,-1.83e-08
214,.004296,.0427,-.0002342,-.001071,3.41e-06,.000077,-2.52e-10,-1.85e-08
215,.011721,.005553,-.0003937,-.0004303,.0000533,.0000214,-1.52e-08,-7.51e-09
216,.00455,.0706484,-.0002159,-.0017157,.000011,.0000499,-2.51e-09,-1.47e-08
217,.0049399,.0572162,-.0000674,-.0015765,-4.90e-06,.000039,1.07e-10,-1.13e-08
218,.0089456,.0226868,-.000266,-.0006519,6.14e-06,.0000697,-2.73e-09,-1.87e-08
219,.0076011,.0456278,-.0002406,-.0011715,.0000256,.0000138,-8.73e-09,-7.19e-09
220,.0055658,.0483606,-.0001744,-.0015342,.00002,.0000447,-7.54e-09,-1.25e-08
221,.0104042,.0577919,-.0003596,-.0015901,.0000121,.0000233,-1.91e-09,-5.35e-09
222,.0091182,.0016991,-.0002116,-.0002305,.0000183,.0000356,-4.09e-09,-1.40e-08
223,.0131824,.0398901,-.0003608,-.0011167,3.08e-06,.0000608,-3.31e-09,-1.98e-08
224,.0085891,.0254197,-.0004398,-.0008547,.0000152,.0000641,-4.24e-09,-1.50e-08
225,.0066103,.0198462,-.0003121,-.0006695,1.21e-07,.0000715,-1.87e-09,-1.71e-08
226,-.0046058,.0677237,.0000629,-.0016057,.0000235,.0000318,-3.83e-09,-9.19e-09
227,.0110176,.0477204,-.0005825,-.0012769,-.0000127,.0000482,4.49e-09,-1.04e-08
228,.0101602,.0050466,-.0002439,-.0002629,3.17e-06,.0000378,5.13e-10,-1.49e-08
229,.0126827,.0954108,-.0004393,-.0021996,7.79e-06,.0000396,-2.74e-10,-1.30e-08
230,.0121304,.017783,-.0003736,-.0005399,2.51e-06,.0000418,-3.21e-09,-1.05e-08
231,.0071124,.0609715,-.0001545,-.0016034,-2.90e-06,.0000318,7.98e-10,-8.82e-09
232,.0098025,.0583794,-.0003145,-.0014819,.0000257,.0000516,-7.07e-09,-1.48e-08
233,.0112692,.0358921,-.0004137,-.0009645,.000011,.0000313,-3.89e-09,-8.83e-09
234,.007908,.0481598,-.0002928,-.0015008,4.81e-06,.0000443,8.08e-10,-1.02e-08
235,.012604,.0401465,-.0003859,-.0010462,.0000146,.0000224,-4.16e-09,-6.36e-09
236,.0033682,.0394107,-.0001998,-.0011813,.0000145,.0000423,-4.04e-09,-1.07e-08
237,.0088519,.0366576,-.0003146,-.0010203,-4.98e-06,.0000419,-6.09e-10,-1.26e-08
238,.0076985,.045912,-.0003564,-.0013477,-2.44e-06,.0000496,-1.84e-09,-1.62e-08
239,.0058157,.0073194,-.0002506,-.0004009,4.53e-06,.0000325,5.91e-10,-1.06e-08
240,.0126039,.0521811,-.0004568,-.0011122,-7.68e-06,.0000418,1.22e-09,-1.22e-08
241,-.0012277,.0153113,-.0000163,-.0005278,-.0000108,.0000453,3.38e-09,-1.13e-08
242,.0028746,.0191415,-.0002231,-.0006301,-6.36e-06,.0000434,1.72e-09,-1.15e-08
243,.0056312,.0514945,-.0002682,-.0014669,-.000012,.0000591,3.13e-09,-1.79e-08
244,.0042111,.0632748,-.0002831,-.0014396,6.06e-06,.0000542,1.67e-09,-1.39e-08
245,.0122069,.0208447,-.0004438,-.0007387,.000011,.0000389,-6.18e-09,-1.12e-08
246,.0116744,.0162678,-.0003578,-.0004989,-.0000179,.000016,3.88e-09,-4.25e-09
247,.0050612,-.0214566,-.0002824,.0001525,5.49e-07,.0000244,4.57e-10,-7.89e-09
248,-.0004716,.0422472,-.0000947,-.0010539,-9.76e-06,.0000636,3.03e-09,-1.37e-08
249,.0147557,.0128272,-.0004317,-.0005204,-.0000161,.0000165,2.54e-09,-7.36e-09
250,.0144942,.0326126,-.0003598,-.0009944,-.0000104,.0000448,2.69e-09,-1.25e-08
251,.006112,.0349099,-.0001221,-.0009311,8.95e-06,.0000237,-5.45e-09,-6.77e-09
252,.003501,.0149744,-.0000282,-.0004109,-.0000114,.000069,4.08e-09,-1.72e-08
253,.0061243,.0405913,-.0002923,-.0009653,.0000142,.0000549,-4.30e-09,-1.59e-08
254,.0037582,.0853026,-.0001326,-.0020699,9.24e-06,.0000533,-4.36e-09,-1.42e-08
255,.008807,.0123112,-.0002196,-.0005473,-6.17e-06,.0000419,2.01e-09,-1.15e-08
256,.008462,.0033143,-.0004501,-.0003686,1.09e-06,.0000977,-1.42e-09,-2.72e-08
257,.0187846,.0360339,-.000633,-.0009397,.0000195,.0000351,-6.37e-09,-8.42e-09
258,.0101628,.0273333,-.0003622,-.0006784,-8.88e-06,.0000624,7.98e-10,-1.87e-08
259,.0096609,.0452011,-.0005785,-.0012091,-3.49e-06,.0000191,5.40e-10,-9.67e-09
260,.0074037,-.0058043,-.0004024,-.0000387,-.0000101,.0000392,-4.01e-10,-1.09e-08
261,.0044094,.0525419,-.0001101,-.001549,-2.07e-06,.0000429,-1.92e-09,-1.03e-08
262,.0097756,.0613877,-.0005075,-.001474,-2.17e-06,.0000596,1.33e-09,-1.34e-08
263,.0055756,.0324991,-.0001424,-.0008712,8.41e-06,.0000487,-3.46e-09,-1.11e-08
264,.0150292,.0467194,-.0005589,-.0013194,.0000146,.0000534,-4.88e-09,-1.34e-08
265,.0066337,.0271282,-.0003617,-.0009287,-5.51e-06,.0000263,3.97e-10,-5.84e-09
266,.0131499,.034775,-.0005381,-.0008885,1.53e-06,.0000575,1.04e-09,-1.59e-08
267,.0080834,.0261045,-.0002253,-.0008602,9.58e-06,.0000477,-2.48e-09,-1.17e-08
268,.0075995,.066557,-.0003459,-.0015003,7.30e-06,.000044,-3.62e-09,-1.51e-08
269,.0009512,.0153537,-.0000575,-.0005052,5.80e-06,.0000198,-1.22e-09,-7.21e-09
270,.0131622,.0576963,-.0005203,-.0015448,.0000128,.0000364,-5.14e-09,-8.40e-09
271,.0033416,-.0041947,-.0000955,-.0001426,-5.05e-06,.0000501,1.10e-09,-1.29e-08
272,.0100463,.0595475,-.0003911,-.0014618,.0000112,.0000397,-3.96e-09,-1.63e-08
273,.0019988,.0614701,-.0001044,-.0015092,4.01e-06,.0000671,9.22e-10,-1.98e-08
274,.0150776,.0208289,-.000439,-.0006658,.0000158,-3.67e-06,-2.71e-09,-3.29e-09
275,.0166189,.0058657,-.0005125,-.0004014,-2.15e-06,.0000448,-7.15e-10,-1.11e-08
276,.0056489,.0474003,-.0002126,-.0011719,5.51e-07,.0000735,2.47e-10,-1.80e-08
277,.0135043,.0122082,-.0005614,-.0004488,9.02e-06,.0000237,-1.05e-09,-1.01e-08
278,.0081827,.0379165,-.0003619,-.0010111,-4.91e-06,.0000351,1.25e-09,-9.22e-09
279,.0110824,.0307813,-.0002797,-.0009987,3.55e-06,.0000151,-3.04e-09,-5.98e-09
280,.0052565,.0398008,-.0002064,-.0009561,.0000146,.0000722,-7.76e-09,-1.68e-08
281,.0131678,.0467056,-.0005072,-.0011127,-3.95e-06,.000073,-2.60e-09,-1.83e-08
282,.0105268,.0268703,-.0003726,-.0010063,-1.35e-06,.0000425,-1.02e-09,-1.44e-08
283,.0048552,.0067122,-.0002758,-.0003055,-2.50e-06,.0000439,-1.15e-09,-1.25e-08
284,-.0011798,.024833,-.0002241,-.0005406,.0000221,.0000363,-7.12e-09,-1.10e-08
285,.0064857,.0797954,-.0004206,-.0018802,2.29e-06,.00004,-2.74e-10,-1.15e-08
286,.004469,.0561074,-.0003335,-.0014619,-4.88e-07,.0000509,-2.33e-09,-1.12e-08
287,.013432,.0165378,-.0004802,-.0007531,1.68e-06,4.33e-06,-1.83e-09,-2.82e-09
288,.0214403,.0367018,-.0007803,-.0010048,-.0000204,.0000743,4.87e-09,-1.94e-08
289,.0076374,.0652127,-.0002163,-.0015432,.0000491,.0000311,-1.47e-08,-9.10e-09
290,.0102203,.0603499,-.0003109,-.0016907,8.37e-06,.0000289,-4.59e-09,-6.91e-09
291,.0070034,.0485603,-.0002091,-.0013,7.76e-06,.0000588,-4.73e-09,-1.78e-08
292,.0070435,.0336802,-.0002555,-.000996,8.64e-06,.0000294,-2.31e-09,-8.91e-09
293,.0098581,.0791146,-.0003153,-.0018725,-.000018,.0000559,3.58e-09,-1.36e-08
294,.0065513,.0403382,-.0002423,-.0011784,2.92e-06,.0000224,-2.22e-09,-4.54e-09
295,.0063734,.0463502,-.0002738,-.0010935,.0000147,.0000559,-5.81e-09,-1.47e-08
296,.0057863,.0202253,-.0003687,-.0006592,.0000211,.0000308,-3.39e-09,-9.67e-09
297,.0079269,.0152408,-.0002787,-.0006777,2.39e-06,.0000257,-2.82e-09,-7.71e-09
298,.016029,.0441786,-.0005695,-.0010651,.0000403,.0000445,-1.10e-08,-1.24e-08
299,.0130637,.0295527,-.0003617,-.0009438,4.14e-06,.0000446,-4.55e-10,-1.22e-08
300,.0154886,.0447043,-.0006335,-.0011539,-5.51e-06,.0000489,-1.84e-09,-1.63e-08
301,.0075707,.1200847,-.0002188,-.0027039,4.93e-06,.0000675,-1.15e-09,-1.82e-08
302,.0028308,.0246025,-.0000943,-.0007959,-4.29e-06,.0000641,1.53e-09,-1.43e-08
303,.0098188,.0429109,-.0002615,-.001131,.0000133,.0000371,-5.90e-09,-1.26e-08
304,.0100252,.0662685,-.0002858,-.0017426,1.32e-06,.0000218,1.55e-09,-6.11e-09
305,.0120999,.0742763,-.0004742,-.0018472,.000022,.0000709,-2.22e-09,-2.20e-08
306,.0124486,.0374713,-.0004177,-.0009851,8.56e-06,1.19e-06,-2.91e-09,-4.70e-09
307,.0001684,.0492247,.0000143,-.0013501,.000021,.0000371,-8.58e-09,-1.21e-08
308,.0065707,.0299313,-.0003741,-.0010873,8.10e-06,.0000395,-4.14e-09,-1.30e-08
309,.0105648,.0245241,-.0003415,-.0008207,4.60e-06,.0000491,-1.44e-09,-1.29e-08
310,.0111958,.0497419,-.0003423,-.0012472,-3.00e-06,.0000548,-3.08e-09,-1.43e-08
311,.0076547,.0397501,-.0001606,-.001083,7.63e-06,.0000566,-1.66e-09,-1.76e-08
312,.0100321,.0591973,-.000413,-.00176,-2.87e-06,.0000461,-6.16e-10,-1.17e-08
313,.0124665,.0152843,-.00029,-.0006989,-1.17e-08,.0000404,-2.10e-09,-1.40e-08
314,.0031455,.0065704,-.0001252,-.0003677,.000031,.0000446,-7.02e-09,-1.26e-08
315,-.0030856,.0063822,.0000709,-.0001868,3.20e-06,.0000334,3.65e-10,-1.05e-08
316,.0057471,.0945158,-.0003627,-.0020879,.0000201,.0000454,-5.30e-09,-1.17e-08
317,.0042318,.0161233,-.0001714,-.0005631,-2.01e-06,.0000587,-1.54e-10,-1.77e-08
318,.0069066,.0424119,-.0003437,-.0011015,7.39e-07,.0000555,6.95e-11,-1.40e-08
319,.0096533,.0470085,-.0002774,-.0012884,2.48e-06,.0000361,2.92e-10,-1.26e-08
320,.0166285,.0306542,-.0005867,-.0010018,.0000249,.0000311,-8.47e-09,-1.03e-08
321,.0060704,.052734,-.0001905,-.0013713,.000024,.0000492,-6.67e-09,-1.14e-08
322,.0074281,.0317204,-.0002343,-.0011431,4.19e-06,.0000612,-1.24e-09,-1.79e-08
323,.0058436,.0134282,-.0001705,-.0004388,.0000234,.0000319,-3.03e-09,-1.01e-08
324,.009355,.074373,-.0002396,-.0017046,.0000194,.00005,-6.02e-09,-1.43e-08
325,.0083119,.0241779,-.0002637,-.0006506,1.68e-06,.000051,-4.23e-09,-1.60e-08
326,-.000489,.0265831,-.0000821,-.0008238,6.49e-06,.0000467,-1.07e-09,-1.14e-08
327,.0099758,.0251447,-.0003631,-.0006169,-1.13e-06,.0000578,-2.74e-10,-1.50e-08
328,.004611,.0298508,-.0002742,-.000785,-9.13e-06,.000038,2.11e-09,-1.02e-08
329,.0040617,.1015372,-.0001187,-.0023394,5.46e-06,.0000545,-1.94e-09,-1.43e-08
330,.0070315,.0386584,-.0001914,-.001054,.0000135,.0000503,-2.74e-09,-1.40e-08
331,.0155148,.0449772,-.0005039,-.0010838,-.0000178,.0000523,2.09e-09,-1.32e-08
332,.0087833,.0115086,-.0003273,-.0005137,7.85e-07,.000049,-1.71e-09,-1.52e-08
333,.0128498,.0822061,-.0005298,-.0019676,3.85e-06,.0000429,-2.58e-09,-1.25e-08
334,.005894,.1119846,-.0002577,-.0023853,.0000183,.000086,-6.12e-09,-2.15e-08
335,.0121573,.0689259,-.0004086,-.0017354,-4.14e-06,.0000251,1.53e-10,-9.99e-09
336,.0131355,.0292272,-.0004078,-.0008126,-6.69e-07,.0000392,-1.01e-09,-1.35e-08
337,.0084159,.0185597,-.0001825,-.0006764,.0000139,.0000369,-6.61e-09,-1.24e-08
338,.0094141,.0401065,-.0002828,-.0010856,.0000127,.0000664,-5.14e-09,-1.62e-08
339,.0101012,.0202591,-.0002609,-.0008621,4.13e-06,.0000228,-3.00e-09,-8.37e-09
340,.0005305,.0041592,-.0000579,-.0002804,.0000212,.0000327,-6.55e-09,-9.48e-09
341,.009355,.0467531,-.0004472,-.0012216,5.77e-06,.0000526,-2.31e-09,-1.29e-08
342,.0095996,.0411026,-.0003701,-.0011225,7.96e-06,.0000414,-1.73e-09,-1.03e-08
343,.0097353,.0383172,-.0003297,-.0010903,5.12e-06,.0000404,-2.36e-09,-1.38e-08
344,.0224146,.0328516,-.0007243,-.0009966,.0000145,.0000207,-5.65e-09,-5.43e-09
345,.011122,.0289447,-.0004301,-.0008616,-6.08e-06,.0000292,2.69e-09,-8.58e-09
346,.0013747,.0184837,-.0002109,-.0006075,5.86e-06,8.99e-06,-4.71e-10,-2.67e-09
347,.0080944,.0136126,-.0003568,-.0004708,1.54e-06,.0000593,-1.15e-09,-1.62e-08
348,.0095649,.0334234,-.0003211,-.0009995,1.54e-06,.0000588,-2.11e-09,-1.55e-08
349,.0031594,.0572339,-.0001943,-.0012694,1.99e-06,.0000333,-2.26e-09,-8.98e-09
350,.0063502,.0196835,-.0004192,-.0006287,.0000215,.000031,-7.30e-09,-7.28e-09
351,.0133284,.0493447,-.0004477,-.0012933,7.41e-06,.0000479,-4.31e-09,-1.38e-08
352,.0078996,.0208805,-.0002626,-.0008092,-8.49e-06,.0000418,3.69e-10,-1.16e-08
353,.0017553,.0537103,-.0001074,-.0012717,3.02e-07,.0000381,-2.57e-09,-1.08e-08
354,.0029714,.0627352,-.0001357,-.0016117,.0000141,.0000349,-1.76e-09,-8.81e-09
355,.0050974,.0488406,-.0002266,-.0013881,-.0000188,.000039,3.49e-09,-1.29e-08
356,.0111092,.0168112,-.0004937,-.0008583,-8.89e-06,.0000325,1.81e-10,-8.93e-09
357,.0127549,.0327008,-.000531,-.000925,4.89e-06,.0000275,-1.30e-09,-7.65e-09
358,.0030135,.0549778,-.000165,-.0012829,.0000185,.0000635,-5.41e-09,-1.64e-08
359,.0095727,.0298633,-.0002885,-.0008941,-4.55e-06,.0000366,1.84e-10,-9.63e-09
360,.011568,.0050147,-.0002455,-.0004446,7.08e-06,.000053,-3.98e-09,-1.59e-08
361,.0037771,.0247308,-.0002791,-.0007474,-.000015,.0000338,3.48e-09,-9.05e-09
362,.0068523,.0522709,-.0003121,-.0014116,-7.59e-06,.0000542,-1.54e-09,-1.49e-08
363,.0091261,.0496424,-.0004212,-.0014742,1.52e-07,.000013,-3.15e-09,-5.28e-09
364,.0079415,.0416173,-.0002417,-.001206,6.97e-06,.0000203,-6.39e-10,-7.35e-09
365,.01083,.0478453,-.0003851,-.0014135,4.03e-06,3.72e-06,-1.14e-09,-1.91e-09
366,.0144416,.0259975,-.0003816,-.0007985,-.0000155,.0000238,3.37e-09,-6.88e-09
367,.0120724,.0600838,-.000345,-.0015555,3.42e-06,.000021,2.98e-09,-6.70e-09
368,.0066567,.0051467,-.0000644,-.0004271,-6.89e-06,.0000329,-9.21e-11,-8.54e-09
369,.0037227,.0722565,-.0000851,-.0017015,-.0000101,.0000642,7.22e-10,-1.66e-08
370,.0116309,.0315304,-.0003753,-.0009381,6.08e-06,.000034,-1.98e-09,-1.04e-08
371,.0096099,.050791,-.0003047,-.0014451,.0000117,-4.19e-06,-2.05e-09,-1.32e-09
372,.0036783,.0422754,-.0002451,-.0009742,-.0000213,.000033,4.50e-09,-1.12e-08
373,.0153316,.0429335,-.0004677,-.0011474,4.14e-06,.0000284,-3.48e-09,-8.75e-09
374,.010982,.0497784,-.0004317,-.0012362,-8.21e-06,.0000248,4.12e-10,-9.32e-09
375,.0071474,.02147,-.0001617,-.0007202,-.0000199,.0000283,2.09e-09,-6.24e-09
376,.0068028,.0449872,-.0003172,-.0011918,6.63e-06,.0000203,-3.09e-09,-6.62e-09
377,.0037228,.0349849,-.0001827,-.0008788,7.54e-06,.0000601,-1.51e-09,-1.36e-08
378,.0033443,.0381364,-.0002196,-.0009247,-1.52e-06,.0000636,-1.49e-10,-1.64e-08
379,.002128,.0246463,-.0000668,-.0007052,6.53e-06,.0000481,-4.04e-09,-1.24e-08
380,.0036091,.0290426,-.000183,-.0010015,-2.74e-06,.0000272,5.31e-11,-8.16e-09
381,.0107821,.0651852,-.0004145,-.0016395,.0000148,.0000152,-6.35e-09,-7.94e-09
382,.0071205,.0482485,-.0002931,-.0013195,.0000129,.0000594,-5.55e-09,-1.43e-08
383,.0066302,.0461856,-.0002166,-.0013263,.0000114,.0000473,-1.89e-09,-1.42e-08
384,.0112437,.064511,-.0004338,-.0015879,.0000259,.0000298,-6.23e-09,-8.86e-09
385,.009538,.0236073,-.0003744,-.000716,-.0000116,.000027,3.94e-09,-8.44e-09
386,.0064044,.0143934,-.0001631,-.0004493,4.73e-06,.0000642,-4.34e-09,-1.55e-08
387,.0050357,.0392617,-.0003243,-.0010915,-.0000197,.0000495,5.16e-09,-1.37e-08
388,.0115114,.0497247,-.0003491,-.0012548,.0000118,.0000321,-4.89e-09,-1.39e-08
389,.0064856,.0317189,-.0002729,-.0009082,.0000223,.000062,-6.40e-09,-1.98e-08
390,.0087353,.0298432,-.0002872,-.0009464,-1.83e-06,.0000426,-1.16e-09,-1.39e-08
391,.0078848,.0155952,-.0003025,-.000651,-.000019,.0000492,6.16e-09,-1.67e-08
392,.0096596,.0362714,-.000292,-.0010265,-3.10e-06,.0000415,-1.47e-09,-1.19e-08
393,.0078023,.0156646,-.0003029,-.0005359,5.61e-06,.0000452,2.02e-10,-1.14e-08
394,.0077031,.0465804,-.0002794,-.0012735,6.43e-06,.0000424,-3.00e-09,-9.53e-09
395,.0081799,.0452298,-.0003098,-.0014334,.000043,.0000366,-9.07e-09,-8.88e-09
396,.0034484,.0159192,-.0001524,-.0006066,.0000127,.000027,-4.80e-09,-1.01e-08
397,.0081798,.0259474,-.0004138,-.0007046,-.0000102,.0000706,-6.79e-10,-2.39e-08
398,.0026268,.03336,-.0001244,-.0009964,-.0000146,.0000451,2.19e-09,-1.38e-08
399,.0175435,.0288203,-.0006331,-.0010154,-.0000194,.0000348,1.76e-09,-9.45e-09
400,.0149968,.0717816,-.0006556,-.0016283,2.84e-07,.0000376,-4.54e-09,-1.26e-08
401,.0033318,.0347711,-.0002012,-.0010633,-.0000136,.0000488,4.68e-09,-1.29e-08
402,.0086709,.0299191,-.0003761,-.0009236,-2.62e-06,.0000305,-2.59e-10,-7.16e-09
403,.0082799,.032801,-.0002319,-.001006,.0000202,.0000373,-5.67e-09,-1.16e-08
404,.0053666,.0178679,-.0002491,-.0006552,.0000139,.0000455,-6.37e-09,-1.60e-08
405,.0048888,.0256684,-.0002414,-.0007779,7.69e-06,.0000448,1.18e-10,-1.43e-08
406,.0023125,.0452233,-.0001318,-.0013427,.0000144,.0000467,-3.96e-09,-1.22e-08
407,.0084384,.0274939,-.0002517,-.0008534,-.000015,.00005,2.64e-09,-1.28e-08
408,.0081617,.0320523,-.0004622,-.0010536,.0000156,.0000258,-4.99e-09,-7.91e-09
409,.0046386,.0578354,-.0001262,-.0015263,.000012,.0000229,-1.50e-09,-6.60e-09
410,.0128825,.0034949,-.000323,-.0003952,-1.60e-06,.0000244,-2.07e-09,-7.61e-09
411,.0060107,.0576124,-.0001507,-.0014271,-5.73e-06,.0000445,-7.83e-10,-1.39e-08
412,.0058646,.0383553,-.0002331,-.0010544,4.73e-07,.0000244,-1.62e-09,-8.26e-09
413,.0068155,.0631831,-.0002482,-.0014572,2.79e-06,.0000463,-3.66e-09,-1.24e-08
414,.0125296,.0399713,-.0002437,-.0011456,1.57e-06,.0000395,-4.58e-10,-1.27e-08
415,.0089008,.0076351,-.0003883,-.0004762,3.62e-06,.0000597,-1.76e-09,-1.50e-08
416,.0048181,.1059041,-.0002503,-.0023926,-1.50e-06,.0000369,-5.90e-11,-1.10e-08
417,.0106955,.0232728,-.0003039,-.0007976,7.37e-06,.0000859,-1.68e-09,-2.66e-08
418,.007842,.0840123,-.0004131,-.0019118,-.0000114,.0000521,4.89e-09,-1.40e-08
419,.0083147,.0278979,-.0003002,-.0008671,-.00001,.0000362,-3.49e-10,-9.78e-09
420,.0143019,.0385757,-.0004329,-.0011723,.0000122,.0000176,-5.74e-09,-5.70e-09
421,.0096675,.0343324,-.0004069,-.0009475,.000013,.0000663,-8.81e-09,-1.92e-08
422,.0112937,.0519211,-.0005781,-.0012618,.0000163,.0000544,-1.59e-09,-1.36e-08
423,.0079965,.0327062,-.0003932,-.0009098,5.92e-06,.0000211,-4.14e-09,-9.82e-09
424,.0172994,.0201277,-.0006293,-.0007937,8.06e-06,.0000335,-2.60e-09,-7.50e-09
425,.0110767,.0090356,-.0002419,-.000562,4.98e-06,.0000258,-5.32e-09,-6.72e-09
426,.0056748,.0414945,-.0002946,-.0011192,9.12e-06,.0000394,-5.90e-09,-9.03e-09
427,.0068892,.00485,-.0003345,-.0004055,.0000203,.0000598,-3.79e-09,-1.52e-08
428,.0097356,.0315284,-.0004487,-.0008947,-.0000236,.0000333,2.45e-09,-9.60e-09
429,.0105461,.0333633,-.0002944,-.0009959,9.36e-06,.0000307,-5.26e-09,-9.06e-09
430,.0156476,.0669893,-.0006235,-.0017112,-9.78e-06,.0000488,1.84e-09,-1.32e-08
431,.0046466,.0200887,-.0002327,-.0007545,-.0000136,.0000517,4.85e-09,-1.16e-08
432,.0079928,.0440195,-.000301,-.0010938,1.60e-06,.0000737,2.19e-09,-1.84e-08
433,.0060585,.0164929,-.0002553,-.0006382,.0000184,.0000345,-6.86e-09,-1.03e-08
434,-.0000702,.0524377,-.0001515,-.001149,-.0000194,.0000269,2.99e-09,-1.04e-08
435,.0096534,.0113383,-.0004404,-.0006175,6.68e-06,.0000444,-2.10e-09,-1.45e-08
436,.0135334,.010971,-.0005787,-.0004991,.000021,.0000475,-7.49e-09,-1.21e-08
437,.0046033,.032367,-.0002366,-.0007096,-3.27e-06,.0000538,-1.39e-10,-1.67e-08
438,.0041675,.0084724,-.0002922,-.0003791,-.0000136,.0000411,5.99e-10,-1.01e-08
439,.0108916,.0231055,-.0003444,-.0006856,1.45e-07,.0000265,-9.35e-10,-1.14e-08
440,.0060091,.0588973,-.0002409,-.0015033,5.56e-06,.0000387,-3.10e-09,-1.11e-08
441,.0102747,.0292482,-.0003667,-.0008451,-.0000208,.0000347,4.64e-09,-1.06e-08
442,.0049498,.0239992,-.000132,-.0005898,-.0000115,.0000708,3.07e-09,-1.75e-08
443,-.0003321,.0093527,-5.15e-06,-.0004642,.0000156,9.59e-06,-4.16e-09,-4.16e-09
444,.0008628,.0516907,-.0001672,-.0013775,.000021,.000041,-2.93e-09,-1.11e-08
445,.0055462,.0456352,-.0000965,-.0010944,-7.66e-07,.0000364,-1.19e-09,-1.13e-08
446,.0067904,.0155153,-.0001235,-.0005645,-.0000132,.0000439,2.49e-09,-1.31e-08
447,.0065995,.0280998,-.0001938,-.00096,-.0000175,.0000311,1.90e-09,-1.10e-08
448,.0105501,.0353247,-.0003999,-.0009408,1.95e-06,.000051,-2.36e-09,-1.76e-08
449,.0107991,.0510081,-.0003366,-.001392,-5.58e-06,.0000313,1.69e-09,-9.92e-09
450,.0113022,.0220181,-.0004164,-.0009335,-2.74e-06,-2.26e-06,2.25e-09,-2.11e-09
451,.0039833,.0291067,-.0001423,-.0010024,.0000134,.0000449,-4.74e-09,-1.04e-08
452,.0040251,.054478,-.0002334,-.0012682,8.50e-06,.0000608,-5.83e-09,-1.44e-08
453,.0237256,.0391039,-.0007609,-.0011572,-4.85e-07,.0000155,-2.25e-09,-6.93e-09
454,.0025775,.0020778,-.0001471,-.0004623,3.77e-06,.0000432,7.92e-10,-1.12e-08
455,.0080222,.0108309,-.0002328,-.0004872,4.31e-06,.0000429,-2.26e-09,-8.76e-09
456,.0122838,.0355377,-.0005146,-.0008469,-9.37e-06,.0000352,2.29e-09,-9.55e-09
457,.0111766,.0456919,-.0002588,-.000969,-7.19e-06,.0000484,-1.72e-09,-1.46e-08
458,.0042575,.0098817,4.01e-06,-.0003924,.000025,.0000676,-7.39e-09,-2.07e-08
459,.0108936,.0250532,-.0004115,-.0008755,.0000207,.0000242,-4.76e-09,-5.35e-09
460,.0059031,.0371739,-.0001176,-.0010036,-5.22e-06,.0000644,-1.24e-10,-1.61e-08
461,.0091771,.0568197,-.0002781,-.0014478,6.35e-07,.000036,-2.38e-09,-1.36e-08
462,.0035019,.0225204,-.0001442,-.0007747,-3.51e-06,.0000407,-1.78e-09,-1.23e-08
463,.0102421,.0365888,-.0003744,-.001225,4.96e-06,.0000409,-3.12e-09,-1.20e-08
464,.0112249,.0553932,-.0004954,-.0014182,7.97e-06,.0000391,-5.99e-09,-1.08e-08
465,.0081166,.0507229,-.0002797,-.0013563,-1.34e-06,.0000151,-6.11e-10,-5.37e-09
466,.0073435,.0214287,-.0003037,-.0005913,2.86e-06,.000047,2.60e-10,-1.44e-08
467,.0100692,.0144639,-.0003102,-.0005637,4.56e-06,.0000562,-1.41e-09,-1.45e-08
468,.0112831,.0527937,-.0004213,-.0015799,1.80e-06,.0000232,-3.82e-09,-9.89e-09
469,.0020847,.0302491,.0000267,-.0006462,.0000178,.0000443,-7.36e-09,-1.29e-08
470,.0048503,.0590721,-.0002104,-.00147,-7.40e-06,.000032,4.16e-09,-9.45e-09
471,.0008759,.0216747,-.0000268,-.0007494,7.21e-06,.0000372,-4.72e-09,-1.06e-08
472,.0018291,.0309646,-.0001308,-.0008295,.0000305,.0000362,-8.04e-09,-1.10e-08
473,.0094254,.0772486,-.0003633,-.0019382,5.98e-06,.0000447,-5.97e-10,-1.32e-08
474,.0023235,.0265505,-.0001692,-.0006183,.0000147,.0000633,-3.58e-09,-1.87e-08
475,.0083095,.0516632,-.0002148,-.0012796,-2.35e-06,.000067,1.92e-09,-1.53e-08
476,.0064609,.0739261,-.0001969,-.001675,.0000235,.0000391,-7.13e-09,-1.17e-08
477,.0040842,.0468214,-.0002475,-.001131,.000015,.0000333,-5.75e-09,-9.52e-09
478,.0094759,.0577029,-.0003349,-.0014103,-7.40e-06,.0000368,1.61e-09,-9.76e-09
479,.0051561,.0348063,-.000319,-.0009183,3.58e-06,.0000346,-1.76e-09,-9.67e-09
480,.0024438,.0320113,-.0001104,-.000928,.0000387,.0000184,-1.22e-08,-4.72e-09
481,.0106328,.0357916,-.0003235,-.0009703,2.13e-06,.0000398,1.77e-10,-1.68e-08
482,.0076457,.0196436,-.000254,-.0006794,.0000109,.0000617,-1.66e-10,-2.01e-08
483,.0102669,.0217037,-.00036,-.0006415,-8.99e-06,.0000599,2.30e-09,-1.64e-08
484,.0081001,.0478921,-.0001737,-.0011921,-3.36e-06,.0000565,-6.15e-10,-1.38e-08
485,.0104661,.0538827,-.0004168,-.0014723,-.00001,.0000854,1.94e-09,-2.12e-08
486,.0121214,.040266,-.0005323,-.0010722,9.84e-06,.0000216,-2.64e-09,-8.95e-09
487,.0164695,.0366184,-.0005887,-.0009889,-.0000106,.0000647,6.57e-10,-1.49e-08
488,-.0001003,.020898,-.0001231,-.0008068,-6.36e-06,.0000597,1.21e-09,-1.51e-08
489,.0095923,.047248,-.0002652,-.0012133,-2.25e-07,.0000301,-8.40e-10,-1.03e-08
490,.009231,.0570718,-.0003989,-.0012993,-2.27e-06,.0000536,1.18e-09,-1.41e-08
491,.0109461,.0297388,-.0003696,-.0008573,.0000254,.0000511,-5.58e-09,-1.50e-08
492,.0088465,.0201552,-.0001356,-.0007354,.0000136,.0000464,-3.76e-09,-1.53e-08
493,.00595,.0491645,-.0002367,-.0012767,5.51e-06,.00004,-2.59e-09,-1.08e-08
494,.0086565,.0593051,-.0003363,-.0015679,-.0000111,.000058,1.27e-09,-1.45e-08
495,.0075366,.0349486,-.0002441,-.0009251,2.17e-06,.0000327,-2.19e-09,-1.02e-08
496,.0055043,.0518455,-.0003881,-.0012908,-9.41e-06,.0000554,-5.04e-10,-1.33e-08
497,.0027582,.0706563,-.0001375,-.0016852,-2.28e-06,.0000483,-4.98e-10,-1.42e-08
498,.00548,.0978541,-.0003226,-.0021876,5.89e-06,.00002,-1.27e-11,-8.56e-09
499,.0120821,.0363313,-.0003184,-.0010444,-6.30e-06,.000034,-5.95e-11,-1.03e-08
500,.00055,.066856,-.0000709,-.0015845,-5.74e-06,.0000477,4.52e-09,-1.21e-08
501,.0069474,.0249494,-.0004817,-.0006513,-5.21e-06,.0000365,4.58e-09,-1.08e-08
502,.0090518,.040546,-.0002927,-.0011625,8.66e-06,.0000308,-2.96e-09,-9.45e-09
503,.007621,.0397068,-.0001755,-.0009399,.0000303,.0000525,-7.00e-09,-1.44e-08
504,.008765,.0199317,-.0003153,-.0005576,-.0000111,.000066,1.33e-09,-1.63e-08
505,.0052976,.0913345,-.0001782,-.0019193,3.03e-06,.000024,-1.36e-10,-8.71e-09
506,.0090786,.0489511,-.0002329,-.0012808,9.09e-06,.0000364,-7.32e-10,-8.44e-09
507,.0084006,.032994,-.0003997,-.0008942,-3.79e-06,.0000518,-6.25e-10,-1.34e-08
508,.0112562,.0074522,-.0004132,-.0003709,-.0000125,.0000801,2.95e-09,-2.27e-08
509,-.0021901,.051643,.000087,-.0011762,7.84e-06,.0000758,-2.34e-09,-2.09e-08
510,.0075679,.049389,-.00051,-.0012504,.0000178,.0000461,-5.46e-09,-1.27e-08
511,.0020562,.0099686,-.0000437,-.0003391,8.12e-06,.0000652,-3.10e-09,-1.86e-08
512,.0021364,.0335171,-.000099,-.0008586,2.62e-06,.0000396,-3.33e-09,-1.10e-08
513,.0151935,.022297,-.0007527,-.0006468,.0000255,.0000412,-6.04e-09,-1.32e-08
514,.0109253,.0150207,-.0005672,-.0006052,-6.69e-06,.0000562,-6.35e-10,-1.48e-08
515,.0114692,.0279427,-.0002847,-.0009532,-2.20e-06,.0000517,4.52e-10,-1.20e-08
516,.0105455,.0236235,-.0003792,-.000797,5.84e-06,.0000275,-1.45e-09,-7.60e-09
517,.0077495,.033227,-.0002921,-.0008021,-1.74e-06,.0000705,9.70e-10,-1.88e-08
518,.0043111,.036393,-.0002382,-.0010631,-6.73e-06,.0000547,-1.10e-09,-1.33e-08
519,.0055734,.0226725,-.0002753,-.0007521,-.0000145,.0000305,3.49e-09,-1.26e-08
520,.0101715,.0512476,-.0003373,-.001422,-.0000218,.0000232,6.31e-09,-7.76e-09
521,.001178,.0519966,-.0001522,-.0013323,9.66e-06,.0000283,-3.47e-09,-7.47e-09
522,.0203485,.0418268,-.0005698,-.0011549,-1.62e-06,.000016,-7.73e-10,-7.73e-09
523,.0179225,.0563031,-.0006507,-.0014937,.0000315,.0000347,-8.12e-09,-1.12e-08
524,.0016933,.0338737,-.0001246,-.0010532,2.45e-06,.0000432,-1.84e-09,-1.04e-08
525,.0042401,.0577593,-.0001636,-.0014886,-4.20e-07,.0000344,-1.20e-09,-8.68e-09
526,.0033102,.0487555,-.0001335,-.0011531,-4.15e-06,.0000581,9.46e-10,-1.46e-08
527,.0138742,.0373348,-.0004774,-.0011691,8.15e-06,.0000532,-6.13e-09,-1.71e-08
528,.0112842,.0255352,-.0003712,-.000739,-7.51e-06,.0000453,-3.48e-10,-1.33e-08
529,.0020797,.079283,-.0000865,-.0017672,-2.09e-06,.0000427,5.61e-11,-1.33e-08
530,.0049685,.0554975,-.0002728,-.0012422,.000017,.0000285,-6.89e-09,-1.06e-08
531,.017527,.0545604,-.0005815,-.0013254,-.0000166,.000038,4.35e-09,-1.25e-08
532,.011153,.0356605,-.0004597,-.0010834,.0000137,.0000307,-1.80e-09,-8.26e-09
533,.0052258,.0475651,-.0000154,-.0014254,-.0000129,.0000373,3.82e-09,-8.86e-09
534,.0056489,.0507634,-.0002208,-.0012122,3.67e-06,.0000398,-2.94e-09,-1.02e-08
535,.0090461,.0222657,-.0003502,-.000885,6.36e-06,.0000358,-1.67e-09,-1.01e-08
536,-.0018324,.0259542,-.0001129,-.0007682,.0000233,.0000375,-5.60e-09,-8.60e-09
537,.0126342,.0218566,-.0006197,-.0007145,.0000261,.0000346,-8.03e-09,-9.70e-09
538,.0045418,.0515832,-.0002607,-.0013588,.0000167,.0000471,-4.33e-09,-1.23e-08
539,.0059761,.0941294,-.0003651,-.002339,.0000171,.0000365,-4.27e-09,-1.04e-08
540,.01065,.0634203,-.0003171,-.0014721,-.0000103,.0000521,1.75e-09,-1.33e-08
541,.0109818,.0381103,-.0004684,-.0010246,1.22e-07,.0000481,-1.21e-09,-1.30e-08
542,.0120249,.0619055,-.0004053,-.0012829,-8.27e-07,.000056,-1.01e-09,-1.64e-08
543,.0106259,.0917838,-.0004274,-.0021748,.0000236,.0000693,-9.00e-09,-1.87e-08
544,.0075031,.0305585,-.0002435,-.0009723,-.0000153,.0000454,3.17e-09,-1.20e-08
545,.0039235,.0399079,-.0001684,-.0011266,.0000107,.0000445,-1.13e-09,-1.28e-08
546,.00649,.0065562,-.0002976,-.0004227,-2.23e-06,.0000283,-1.07e-09,-1.22e-08
547,.0181081,.0429708,-.0007676,-.0011499,-6.60e-06,.0000225,-6.36e-10,-7.90e-09
548,-.0042158,.0902312,.0000315,-.0022538,1.30e-06,.0000287,-7.43e-10,-6.77e-09
549,.0038405,.0271577,-.0000365,-.0008389,-3.21e-06,.0000402,-2.89e-10,-1.22e-08
550,.0063439,.0174589,-.0002541,-.0007336,.0000105,.0000405,-2.69e-09,-1.03e-08
551,.0140164,.030591,-.0006579,-.0008398,-.0000114,.0000377,7.90e-10,-1.52e-08
552,.0013134,.0641754,-.0000926,-.0014279,.0000236,.000028,-4.27e-09,-8.77e-09
553,.0029482,.0205487,-.0001311,-.0007114,4.29e-06,.0000388,-1.02e-09,-1.20e-08
554,-.0033536,.0685119,.0000943,-.0017427,8.66e-06,.000054,-2.03e-09,-1.26e-08
555,.0124447,.0538959,-.000438,-.0014042,3.79e-06,.0000217,-1.24e-09,-7.16e-09
556,.0093536,.018229,-.0002852,-.0006387,.0000128,.0000216,-2.37e-09,-8.92e-09
557,.0053882,.0437473,-.0002748,-.0011463,6.15e-07,.0000674,-9.60e-10,-1.80e-08
558,.0151197,.0261334,-.00044,-.0008892,.000027,.0000491,-1.03e-08,-1.34e-08
559,.0192109,.0492889,-.0006707,-.0013869,-4.54e-07,.0000456,-4.64e-10,-1.37e-08
560,.0026173,.0606244,-.0003377,-.0014616,-.0000223,.0000319,7.70e-09,-1.00e-08
561,.0042008,.0131728,-.0001427,-.0006462,4.88e-06,.0000318,1.63e-09,-1.09e-08
562,.0038927,.0337471,-.0001844,-.0010726,-.0000203,.0000209,5.86e-09,-6.90e-09
563,.007474,.0428299,-.0001948,-.000993,9.67e-06,.0000566,-6.18e-09,-1.63e-08
564,.0075823,.0496799,-.0004201,-.0012365,5.23e-06,.0000439,-7.00e-10,-1.04e-08
565,.0078977,.0225861,-.0004059,-.0008215,-4.03e-06,.0000291,-2.10e-09,-8.18e-09
566,.0096544,.0297604,-.0003756,-.0010168,.000033,.0000487,-8.16e-09,-1.28e-08
567,.0113084,.0655936,-.0005055,-.0017481,1.34e-06,.0000432,-2.49e-09,-1.02e-08
568,.002993,.0377356,-.0001123,-.001089,8.72e-06,.0000584,-2.13e-09,-1.38e-08
569,.0097177,.0233361,-.0003668,-.0007313,9.67e-06,.0000418,-2.68e-09,-1.20e-08
570,.0182305,.0401265,-.0005694,-.0010573,.0000108,.00005,-3.24e-09,-1.18e-08
571,.0156577,.032971,-.0004174,-.0008535,.0000128,.0000365,-2.04e-09,-1.32e-08
572,.005629,.0370737,-.0003235,-.0009575,-2.13e-06,.0000366,7.98e-10,-8.99e-09
573,.0077005,.0308419,-.0002721,-.000957,6.62e-06,.0000307,-2.81e-09,-6.36e-09
574,.0130918,.031727,-.0005235,-.000818,.0000114,.0000411,-5.35e-09,-1.35e-08
575,.0035339,.0478263,-.000133,-.0012897,-8.39e-07,.0000588,-2.51e-09,-1.39e-08
576,.0052356,.026765,-.0001941,-.0007795,3.63e-06,.0000116,-2.00e-09,-3.87e-09
577,.0073263,.0329889,-.0002786,-.0009588,-2.49e-06,.0000491,-1.06e-09,-1.33e-08
578,.00421,.032828,-.00038,-.0007905,-.000011,.0000347,5.11e-10,-9.34e-09
579,.0063688,.0274037,-.0002381,-.0010306,.0000181,.0000367,-5.82e-09,-1.07e-08
580,.0071535,.02181,-.000296,-.0007496,-.0000154,.0000413,3.71e-09,-8.44e-09
581,.0069923,.0362891,-.0002591,-.0010491,-3.65e-06,.0000508,-9.93e-10,-1.19e-08
582,.0141478,.0331656,-.0003707,-.0009826,-6.66e-06,.0000679,5.34e-10,-1.74e-08
583,.0101433,.0327653,-.0003866,-.0009432,-4.38e-06,.0000289,-7.62e-10,-8.49e-09
584,.0063228,.0470418,-.0002986,-.001206,.0000264,.000053,-7.71e-09,-1.57e-08
585,.0103722,.0254725,-.0003497,-.0008619,-.0000149,.0000623,1.34e-09,-1.60e-08
586,.015324,.0303625,-.0005405,-.0006768,-4.81e-06,.0000339,1.15e-09,-9.85e-09
587,.0183193,-.008482,-.0006019,-.0002573,8.64e-06,.000014,-3.76e-09,-6.73e-09
588,.0081215,.0376532,-.0003884,-.0010011,-.0000104,.0000464,1.77e-09,-1.23e-08
589,.0048511,.0211276,-.0001107,-.0007065,-.0000117,.0000451,4.60e-10,-1.64e-08
590,.0036487,.0425163,-.0002071,-.0011937,2.28e-06,.0000429,-1.58e-09,-1.44e-08
591,.0110115,.0412626,-.0004644,-.0011695,5.98e-06,.0000213,-2.39e-09,-7.05e-09
592,.0064138,.0561685,-.0001701,-.0012542,1.28e-06,.0000413,-1.30e-09,-1.37e-08
593,.0033211,.0307411,-.0001402,-.0007775,-5.60e-06,.0000461,-8.85e-10,-1.17e-08
594,.0015511,.0268772,-.0001042,-.0006036,1.54e-06,.0000341,-2.48e-10,-1.20e-08
595,.0114152,.0407879,-.0004345,-.0011402,8.17e-06,.0000186,-2.88e-09,-7.36e-09
596,.007426,.0447153,-.0001743,-.001229,8.72e-06,.0000173,-5.34e-09,-1.28e-08
597,-.0022208,.0411489,-.0000945,-.0009674,.0000244,.0000334,-4.79e-09,-1.21e-08
598,.0207656,.0659855,-.0006569,-.0017689,-.0000127,.0000312,-2.28e-09,-8.78e-09
599,.0055687,-.0016747,-.0001802,-.0002703,9.01e-06,.0000389,-3.09e-09,-1.03e-08
600,.0102927,.0360662,-.0004345,-.0011229,.0000151,.0000276,-5.15e-09,-6.32e-09
601,.0139753,.0446683,-.000349,-.0011995,5.17e-06,.0000689,-2.16e-09,-1.59e-08
602,.0065826,.0174554,-.0004065,-.0005574,-4.46e-06,.0000344,4.23e-10,-9.02e-09
603,.0102556,.0294821,-.0003548,-.0010284,1.16e-08,.0000225,5.28e-10,-1.01e-08
604,.006503,.0491606,-.000399,-.0011438,-.0000121,.0000284,2.86e-09,-1.08e-08
605,.0050908,.0103945,-.0002275,-.0005144,-1.78e-06,.0000373,-1.14e-10,-1.20e-08
606,.0142837,.0603679,-.0004373,-.0014387,-8.14e-06,.0000508,1.17e-09,-1.47e-08
607,.0058334,.0337473,-.0002146,-.000896,4.26e-06,.0000419,-2.46e-09,-1.04e-08
608,.0101491,.0535864,-.0003089,-.0014934,5.32e-06,.0000482,4.58e-10,-1.26e-08
609,.006917,.0484577,-.0003618,-.0011429,-4.18e-06,.0000452,2.36e-09,-1.12e-08
610,.0043369,.0204436,-.0001172,-.0005618,8.00e-09,.0000349,-2.09e-10,-9.76e-09
611,.008888,.0740722,-.0004751,-.0017905,.0000248,.0000572,-7.91e-09,-1.43e-08
612,.0038509,.031459,-.00021,-.0008316,-3.53e-06,.0000237,-3.84e-10,-7.49e-09
613,.0062486,.0409143,-.0001866,-.0011245,-4.74e-06,.000076,1.36e-09,-1.84e-08
614,.01903,.0281709,-.0006053,-.0005624,8.59e-06,.0000766,-6.04e-10,-2.22e-08
615,.0082262,.0304603,-.0004013,-.0007657,.0000257,.0000501,-6.34e-09,-1.34e-08
616,.0053366,.0285521,-.0000733,-.0007268,.0000131,.0000363,-2.75e-09,-1.17e-08
617,.0096642,.0631629,-.0003937,-.0015042,1.61e-06,.0000679,-2.50e-09,-1.81e-08
618,.0053904,.0418565,-.0003559,-.001086,-6.05e-06,.0000495,1.98e-09,-1.59e-08
619,.0050352,-.0039246,-.0002157,-.0001772,-.0000105,.0000213,1.78e-09,-8.10e-09
620,.0105608,.0235849,-.000334,-.0008518,-.0000141,.0000523,3.21e-09,-1.41e-08
621,.0093172,.025524,-.000317,-.0006701,.0000159,.0000304,-4.18e-09,-1.03e-08
622,.0041496,.0379306,-.0001684,-.0009366,-.0000189,.0000175,4.86e-09,-9.07e-09
623,.0023039,.0472385,-.0001239,-.001158,8.71e-06,.0000359,-3.74e-09,-9.33e-09
624,.0072673,.0813943,-.0002825,-.0020936,9.95e-06,.0000319,-5.75e-09,-5.93e-09
625,.0067802,-.0174562,-.0003785,.0001784,6.56e-06,.0000599,-1.68e-09,-1.78e-08
626,.0085859,.054617,-.0003617,-.0013634,-2.30e-07,.000049,1.21e-09,-1.56e-08
627,.0047821,.030137,-.0001859,-.0008845,5.12e-06,.0000415,-4.15e-09,-9.58e-09
628,.0060732,.0356708,-.0003642,-.0009874,-4.79e-06,.0000588,1.66e-10,-1.52e-08
629,.009547,.0591539,-.0004336,-.0013676,9.13e-06,.0000288,-4.51e-09,-9.23e-09
630,.0059664,.0515464,-.0002775,-.0012786,3.30e-06,.0000292,-3.08e-09,-1.03e-08
631,-.001364,.0341179,-.0001818,-.0007727,.000027,.0000668,-4.10e-09,-1.58e-08
632,.0075842,.0601762,-.0003427,-.0015658,3.86e-06,.0000606,-4.65e-09,-1.45e-08
633,.013489,.0246686,-.0004849,-.0007138,-.0000119,.0000628,1.95e-10,-1.99e-08
634,.0034114,.0095254,-.0001225,-.0006001,-1.35e-06,.000043,1.05e-09,-9.70e-09
635,.0053719,.0710725,-.0001906,-.001738,-8.94e-06,.0000312,2.58e-09,-1.36e-08
636,.004588,.0098158,-.0001981,-.0005346,.0000149,.0000486,-3.80e-09,-1.31e-08
637,.0031848,.0919154,-.0001676,-.0020527,3.44e-06,.0000434,-2.11e-09,-1.31e-08
638,.004484,.045591,-.000199,-.001116,6.15e-06,.0000467,-1.18e-09,-1.60e-08
639,.0107038,.0613938,-.0003912,-.001477,-3.67e-06,.0000706,6.72e-11,-1.69e-08
640,.0072164,.0375496,-.0002297,-.0010307,4.84e-06,.0000496,3.73e-12,-1.26e-08
641,.0067889,.08129,-.0001429,-.0019058,-4.83e-06,.0000419,3.95e-10,-1.33e-08
642,.0148967,.0622438,-.0004917,-.0016007,4.57e-06,.0000255,-3.24e-09,-8.95e-09
643,.0116148,.0285668,-.0004075,-.0009314,3.48e-06,.0000553,-2.42e-09,-1.33e-08
644,.0041916,.0346015,-.0000858,-.0008877,-.0000125,.0000811,3.00e-09,-2.22e-08
645,.0071298,.068998,-.0002831,-.0017496,.0000133,.0000388,-4.98e-09,-8.50e-09
646,.0072749,.0359749,-.0002425,-.0010274,-.0000139,.0000177,1.81e-09,-5.48e-09
647,-.0009948,.0436719,-.0000146,-.0012561,7.47e-06,.0000322,-3.68e-09,-1.25e-08
648,.0064885,.039047,-.0003314,-.0010656,.0000204,.000034,-4.67e-09,-7.53e-09
649,.0064224,.0579195,-.0003367,-.001451,7.11e-06,.0000311,-1.92e-09,-8.59e-09
650,.0085107,.0605096,-.0003803,-.0013938,-3.58e-06,.0000546,2.48e-09,-1.72e-08
651,.0075608,.0088492,-.0001851,-.0004087,7.52e-06,.0000373,-3.69e-09,-1.04e-08
652,.0093586,.0605091,-.0003476,-.0015749,.0000159,.0000284,-8.14e-09,-7.27e-09
653,.0036932,.0114377,-.0001104,-.000434,9.53e-06,.0000404,-2.98e-09,-1.14e-08
654,.0143169,.0408237,-.0005414,-.0010832,.0000112,.0000372,-3.21e-09,-1.13e-08
655,.0100283,.0646788,-.0003088,-.0015028,-.0000214,.0000226,4.08e-09,-9.22e-09
656,.0053421,.0401805,-.0003359,-.0010784,.0000168,.0000561,-4.69e-09,-1.60e-08
657,.0087407,.0338708,-.000296,-.0007781,2.67e-06,.0000488,-1.63e-09,-1.41e-08
658,.0088348,.0872282,-.0002856,-.001951,.000019,.0000522,-5.32e-09,-1.60e-08
659,.0132603,.0519838,-.0004571,-.0012804,.0000206,.0000267,-6.25e-09,-7.33e-09
660,.003823,.088699,-.0001721,-.0021529,1.14e-06,.0000492,-8.22e-10,-1.24e-08
661,.0137396,.0736881,-.0005966,-.0015381,-.0000119,.0000717,3.53e-10,-1.98e-08
662,.0058837,.0380034,-.0003369,-.0010313,-1.28e-06,.0000523,3.39e-09,-1.45e-08
663,-.0022231,.0429933,.0000194,-.0009511,-.0000155,.0000478,6.85e-09,-1.70e-08
664,.0152053,.0389284,-.0004166,-.0012305,-8.21e-06,.0000454,5.92e-10,-1.30e-08
665,.0054702,.0935897,-.0002834,-.0021648,.0000146,.0000356,-3.30e-09,-9.45e-09
666,.0069912,.0749005,-.0003482,-.0020245,1.06e-06,.0000336,-1.46e-09,-1.00e-08
667,.0047971,.0304024,-.0000998,-.0006841,.0000188,.0000544,-6.23e-09,-1.77e-08
668,.0019655,.0255757,-.000237,-.000658,.0000227,.0000633,-6.26e-09,-1.59e-08
669,.0131655,.0511026,-.0002429,-.001347,5.47e-06,.0000523,6.06e-10,-1.40e-08
670,.0095297,.0304722,-.0004025,-.0009834,.0000122,.0000429,-2.94e-09,-1.44e-08
671,.001198,.0480108,-.0000574,-.0012369,6.40e-06,.0000577,-2.86e-09,-1.46e-08
672,.0056048,.0415846,-.0000524,-.0011624,.0000442,.0000383,-9.99e-09,-1.21e-08
673,.0091821,.0370641,-.0002958,-.0011298,3.39e-06,.0000179,-2.42e-09,-6.74e-09
674,.0055613,.06058,-.0002356,-.001452,-4.58e-06,.0000466,2.27e-09,-1.21e-08
675,.0066605,.0731993,-.0001968,-.0015678,-3.62e-06,.0000451,1.38e-09,-1.14e-08
676,.008244,.0448507,-.0003385,-.001235,-4.25e-06,.0000498,2.53e-09,-1.17e-08
677,.0142992,.0078165,-.0005344,-.0003091,.0000107,.0000712,-2.08e-09,-2.15e-08
678,-.0010191,.0330311,-2.92e-06,-.0008723,.0000199,.0000238,-6.09e-09,-7.67e-09
679,.0001716,.025931,-.0000206,-.0008439,.0000154,.0000384,-5.35e-09,-1.01e-08
680,.0076825,.0517524,-.000256,-.0013909,-7.16e-06,.0000448,-4.41e-10,-1.04e-08
681,.0093803,.0276462,-.0003278,-.0008806,-3.48e-06,.000031,-2.25e-09,-8.06e-09
682,.0064846,.0394884,-.0003701,-.0011046,.0000118,.0000184,-5.18e-09,-5.37e-09
683,.0064581,.0296894,-.0002351,-.0009759,.0000136,.000027,-4.71e-09,-5.02e-09
684,.0130006,.0369534,-.0005849,-.0011044,3.40e-06,.0000444,-3.74e-09,-1.24e-08
685,.0012358,.0259585,-.0000974,-.0006403,-4.47e-06,.0000678,-9.81e-11,-1.71e-08
686,.0119023,.0189296,-.0003181,-.0005593,4.41e-06,.0000615,-1.35e-10,-1.66e-08
687,.0019603,.0376284,-.0002058,-.0010432,-.0000303,.0000215,8.34e-09,-8.95e-09
688,.0103756,.0326583,-.0002992,-.000985,.0000207,.0000367,-5.97e-09,-1.30e-08
689,.0110294,.0203824,-.0002771,-.0006602,.0000139,.0000351,-6.67e-09,-9.91e-09
690,.0036781,.0253111,-.0001809,-.0007394,7.39e-06,.0000529,-1.77e-09,-1.35e-08
691,.0116488,-.0313351,-.0004525,.0004831,9.26e-06,.0000651,-2.94e-09,-1.84e-08
692,.0057109,.061533,-.0002059,-.001677,9.95e-07,.0000552,1.80e-09,-1.17e-08
693,.0131214,.0038551,-.0003681,-.0002886,-9.49e-06,.0000373,1.33e-09,-9.52e-09
694,.0056226,-.0199777,-.0002173,.0000213,-6.22e-06,.0000444,1.40e-09,-1.22e-08
695,.0008546,.0452813,-.000113,-.0011593,3.89e-06,8.92e-06,-1.73e-09,-2.63e-09
696,.0094674,.0191388,-.000414,-.0006322,-3.56e-06,.0000633,-2.52e-09,-1.88e-08
697,.009842,.0412799,-.0001758,-.0009212,.0000295,.0000168,-6.96e-09,-7.83e-09
698,.0068019,.0343819,-.0002624,-.000857,-9.15e-06,.0000661,1.74e-11,-1.83e-08
699,.0086049,.0119226,-.0002522,-.0004377,-8.49e-06,.0000421,2.20e-09,-1.18e-08
700,.0078805,.0434751,-.0002741,-.0009932,-.0000183,.0000522,4.18e-09,-1.62e-08
701,.0045695,-.007932,-.0001962,-.0001551,3.63e-06,.0000558,1.18e-09,-1.53e-08
702,.0092424,.0442981,-.0003407,-.0011971,-8.37e-07,.0000401,1.12e-09,-1.01e-08
703,.0107943,.0927994,-.0003935,-.0023037,-.0000119,.0000621,1.00e-09,-1.58e-08
704,.0160615,.0441896,-.0006561,-.0011064,-6.77e-06,.0000265,-1.88e-09,-8.46e-09
705,.0112976,.0595863,-.0004953,-.0016114,8.11e-08,.0000426,-1.37e-09,-1.18e-08
706,.0081816,.0228216,-.0003153,-.0006105,.0000518,.000061,-1.51e-08,-1.53e-08
707,.0060826,.0656745,-.0001544,-.0014871,-9.12e-06,.0000471,2.55e-10,-1.37e-08
708,.0122438,.0414076,-.0004901,-.0009337,1.83e-06,.0000348,-1.84e-09,-1.15e-08
709,-.0004256,.0201259,-.000049,-.000583,-2.61e-06,.000041,2.10e-09,-1.47e-08
710,.0063877,.107593,-.0001644,-.0024158,4.23e-06,.000049,-1.95e-09,-1.27e-08
711,-.0001922,.0484912,-.0000971,-.0012054,3.76e-06,.0000455,-4.05e-10,-1.13e-08
712,.005202,.0334956,-.0000814,-.0010396,5.79e-06,.0000386,-1.21e-09,-8.85e-09
713,.0102465,.0372516,-.000395,-.0012328,-.0000103,.0000402,4.70e-09,-1.42e-08
714,.0143132,.0478197,-.0004447,-.0013831,8.21e-06,.0000289,-2.06e-09,-7.54e-09
715,.0025948,.0414772,-.0000769,-.001026,.0000133,.0000363,-2.88e-09,-1.12e-08
716,.0097479,.0446458,-.000352,-.0011514,.0000203,.0000225,-2.74e-09,-6.24e-09
717,.009614,.0173102,-.0004395,-.0008349,8.59e-06,.0000301,-3.34e-09,-7.49e-09
718,.011948,.0346408,-.0004335,-.0008906,.0000337,.000057,-1.04e-08,-1.75e-08
719,.007084,.0410483,-.0002639,-.0011327,.0000139,.0000445,-6.08e-09,-1.09e-08
720,.0020777,.0352045,-.0002097,-.0009522,-1.05e-06,.0000311,4.02e-11,-1.04e-08
721,.0048293,.0973605,-.0002513,-.0022962,.0000179,.0000378,-7.45e-09,-9.26e-09
722,.0072184,.0045168,-.0003629,-.0005332,4.46e-06,.0000622,4.71e-10,-1.69e-08
723,.0048618,.0509408,-.0002118,-.0011596,-7.93e-06,.000072,6.80e-10,-1.66e-08
724,.006129,.0747124,-.0003176,-.0016918,6.24e-06,.0000467,-2.87e-09,-1.22e-08
725,.0056909,.0233356,-.0002327,-.000761,-6.01e-06,.0000412,-3.35e-10,-1.17e-08
726,.0089477,.0509316,-.0002484,-.0013607,-6.52e-06,.0000393,6.61e-10,-9.79e-09
727,.003723,.0608952,-.0002094,-.0014878,-6.84e-06,.0000399,8.84e-10,-1.34e-08
728,.0024315,.0688095,-.0001398,-.0016242,.0000108,.0000778,-4.18e-09,-2.18e-08
729,.0080001,.0323496,-.0001751,-.0008761,-5.94e-06,.0000472,4.07e-10,-1.24e-08
730,.0069954,.0289663,-.0002235,-.000879,.0000185,.0000488,-4.34e-09,-1.33e-08
731,.007327,.0253892,-.0002814,-.0005861,-.0000118,.0000566,1.28e-09,-1.53e-08
732,.008546,.0222427,-.0003508,-.0006157,.0000169,.0000301,-5.52e-09,-6.62e-09
733,.0030788,.0273675,-.0001503,-.0008252,-9.91e-06,.0000291,3.64e-09,-7.27e-09
734,.0066406,.0447695,-.0003205,-.0012478,-.0000229,.0000293,6.84e-09,-8.34e-09
735,.0205686,.0195234,-.000671,-.0007489,-4.02e-06,.0000234,2.35e-09,-8.32e-09
736,.0090864,.0340552,-.0002082,-.0008901,9.29e-07,.0000739,-2.15e-09,-2.13e-08
737,.0055543,.0389673,-.0002257,-.0010908,.0000122,.0000608,-2.77e-09,-1.33e-08
738,.009112,.0215224,-.0002867,-.0006974,-6.96e-06,.0000665,1.76e-09,-1.66e-08
739,.0148994,.0556268,-.0003451,-.0015739,.0000166,.0000313,-5.11e-09,-1.12e-08
740,.0047862,.0341614,-.0000601,-.0010019,.0000447,.0000195,-1.25e-08,-9.82e-09
741,.0080245,.0288257,-.0001769,-.0009776,4.66e-06,.0000507,-3.01e-09,-1.38e-08
742,.0101204,.0335132,-.0002873,-.0010125,7.35e-06,.0000505,-3.29e-09,-1.54e-08
743,.0077259,.1158223,-.0003294,-.0025508,3.62e-06,.0000449,-7.75e-10,-1.16e-08
744,.0056076,.0380452,-.0002217,-.0009739,.0000187,.0000424,-5.27e-09,-1.04e-08
745,.0074126,.0344713,-.0001655,-.0010717,-.0000145,.0000347,9.33e-10,-1.17e-08
746,.0049865,.042926,-.0002954,-.0011804,1.87e-07,-9.64e-06,-8.93e-10,3.18e-10
747,.0106951,.0049019,-.0003081,-.0003957,1.03e-06,.0000449,6.88e-10,-1.47e-08
748,.0077007,.0344786,-.0003187,-.0007526,.0000156,.000047,-4.67e-09,-1.59e-08
749,.0118552,.0924434,-.0004007,-.0021676,.0000143,.000052,-4.36e-09,-1.42e-08
750,.010741,.0371461,-.0003851,-.0008974,9.85e-06,.0000334,-3.97e-09,-1.14e-08
751,.0065343,.0566465,-.000343,-.0014464,3.01e-06,.0000421,-1.76e-09,-1.41e-08
752,.0147347,.0701523,-.0005257,-.0017589,-5.35e-06,.0000506,-2.27e-09,-1.34e-08
753,.0075475,.0591076,-.0002522,-.0015908,-7.25e-06,.0000231,1.40e-09,-1.10e-08
754,.0054655,.0694363,-.0001463,-.001728,-2.65e-06,.0000588,-5.64e-10,-1.54e-08
755,.0013608,.0084174,-.0001206,-.0001728,.0000257,.0000389,-6.90e-09,-1.28e-08
756,.0129037,.0079302,-.0005135,-.000375,.0000101,.0000347,-2.64e-09,-9.65e-09
757,.0079393,.0700836,-.0004157,-.0016199,-.0000113,.0000353,3.21e-09,-1.29e-08
758,.0080526,.0389767,-.0003099,-.0011632,4.93e-06,5.45e-06,-3.63e-09,-3.96e-09
759,.0148976,.0473107,-.0003555,-.0014037,5.98e-06,.0000159,-4.61e-09,-8.01e-09
760,.0089149,.0589179,-.000237,-.0015527,.0000191,.0000395,-2.83e-09,-1.12e-08
761,.0104478,.0246304,-.0002285,-.0006325,7.67e-06,.0000243,-2.13e-09,-8.33e-09
762,.0023765,.0320317,-.0001959,-.0009112,3.80e-06,.0000567,8.45e-10,-1.78e-08
763,.0046087,.0477497,-.0003015,-.0012526,4.75e-06,.0000391,-3.57e-09,-7.21e-09
764,.0150437,.0360927,-.0004649,-.0009932,-5.11e-06,.0000283,-1.46e-10,-8.11e-09
765,.0015623,.0430601,-.0000668,-.0011599,5.74e-06,.00002,-1.55e-09,-8.05e-09
766,.0058723,.0333393,-.0001764,-.0008863,1.61e-06,.0000429,-2.32e-09,-1.32e-08
767,.0070177,.0487749,-.0003858,-.0014848,-.0000218,.0000122,1.85e-09,-3.72e-09
768,.0018484,.0320509,-.0001691,-.0008279,-5.27e-06,.0000168,2.57e-09,-7.07e-09
769,.0057706,.0027428,-.0001656,-.0003101,6.43e-07,.0000137,-9.52e-10,-5.13e-09
770,.0130585,.0439881,-.0003825,-.0012063,.0000224,.0000638,-5.99e-09,-1.71e-08
771,.0061681,.0323439,-.0002051,-.0007977,-3.81e-07,.0000656,4.30e-11,-1.77e-08
772,.0051317,.0797437,-.0002995,-.0019312,-2.32e-06,.0000615,-7.71e-10,-1.37e-08
773,.0066559,.0361069,-.0003307,-.0010245,-1.46e-06,.0000415,-1.77e-10,-1.01e-08
774,.0010964,.0427505,.0000114,-.0010602,.0000178,.0000177,-3.40e-09,-7.10e-09
775,-.0017467,.0003939,-.000019,-.0004601,.0000143,.0000169,-6.40e-09,-4.32e-09
776,.0102108,.0265724,-.0002985,-.0008044,-.0000223,.0000399,1.24e-09,-1.09e-08
777,.0087388,.0737295,-.0003435,-.0017634,-1.24e-07,.0000487,-1.38e-09,-1.30e-08
778,.0054561,.0206795,-.0002631,-.000765,4.83e-07,.0000387,-5.57e-09,-1.05e-08
779,.0020758,.0383565,-.0000976,-.0010571,4.32e-06,.0000557,-1.66e-09,-1.38e-08
780,.0041548,.0161281,-.0001708,-.000576,.0000171,.0000102,-4.94e-09,-3.17e-09
781,.0100276,.0224473,-.0004275,-.0007374,1.00e-06,.0000401,1.74e-10,-1.01e-08
782,.0032933,.0621384,-.0001278,-.0014557,-7.20e-06,.000052,2.82e-09,-1.46e-08
783,.0059845,.0596735,-.0004225,-.0016168,-2.10e-06,.0000507,-7.95e-10,-1.22e-08
784,.0073164,.0887907,-.0003621,-.0020242,-.0000196,.0000723,4.17e-09,-1.63e-08
785,.0052523,.0631656,-.0002397,-.001538,.0000251,.000033,-1.00e-08,-9.63e-09
786,.004931,.0104365,-.000126,-.0005646,-5.23e-06,.0000426,1.30e-09,-1.21e-08
787,.004624,.042584,-.0001594,-.0011254,.0000132,.0000306,-5.69e-09,-1.03e-08
788,.0147046,.0781442,-.0006102,-.0018425,-.0000257,.0000331,6.39e-09,-1.19e-08
789,.0019533,.0672259,-.0000475,-.0015343,8.71e-06,.0000367,-1.86e-09,-8.69e-09
790,.0080404,.0764942,-.0003091,-.0018338,6.54e-06,.0000476,-1.07e-09,-1.27e-08
791,.0094733,.025657,-.0004258,-.0005324,-8.59e-06,.0000367,1.56e-09,-1.45e-08
792,.0050175,.0539477,-.0001373,-.0012638,-.0000184,.0000299,3.06e-09,-6.72e-09
793,.0065898,.0469013,-.0003192,-.0013152,.0000106,.0000136,-1.68e-09,-4.89e-09
794,.0050811,.0511873,-.0002554,-.0012237,.0000113,.0000575,-2.73e-09,-1.34e-08
795,.0059894,.0232972,-.0001014,-.0006857,-2.70e-06,.00005,1.73e-09,-1.49e-08
796,.0142291,.0591713,-.0005152,-.0016722,.0000211,.0000397,-5.34e-09,-1.08e-08
797,.0098475,.0437145,-.0004939,-.0011743,-3.19e-07,.0000423,-2.05e-10,-1.14e-08
798,.0100235,.0833784,-.0003706,-.0019758,6.15e-06,.0000263,-1.62e-09,-8.13e-09
799,.0082287,-.0338905,-.0003291,.000487,-1.30e-06,.0000309,7.71e-10,-8.79e-09
800,.0101994,.0098015,-.000354,-.0006538,1.62e-06,.0000448,1.02e-09,-1.15e-08
801,.0063243,.0637379,-.0003343,-.0016375,-.0000105,.0000551,1.94e-09,-1.27e-08
802,.0122763,.0652565,-.0003977,-.0015767,-.0000192,.000047,3.50e-09,-1.44e-08
803,.0182362,.0561527,-.0005767,-.0014443,7.31e-06,.0000331,-2.78e-09,-1.13e-08
804,.0145811,.0273551,-.0005591,-.0008425,-1.36e-06,9.86e-06,-2.87e-10,-2.77e-09
805,.0080095,.0328499,-.0003188,-.0010356,3.49e-06,.0000293,-3.91e-09,-9.14e-09
806,.0101571,.0483858,-.0004821,-.0013762,-8.46e-06,.0000325,2.81e-09,-9.73e-09
807,.0113581,.037744,-.0004159,-.0011562,-.000021,.0000245,2.10e-09,-5.59e-09
808,.0084607,.0379424,-.0003022,-.0012187,.000015,.0000501,-2.55e-09,-1.08e-08
809,.00773,.0232466,-.0003404,-.0007662,1.03e-06,.0000297,-4.84e-10,-8.81e-09
810,.012567,.0747751,-.0005417,-.0019145,-.0000161,.0000631,5.25e-09,-1.39e-08
811,.0107639,.0254726,-.0003018,-.0008707,5.68e-06,.0000388,-2.53e-10,-1.19e-08
812,.0080411,.054572,-.0002106,-.0014555,-5.81e-06,.0000273,-1.97e-09,-7.92e-09
813,.0102402,.0218404,-.0003747,-.0007694,2.88e-06,.0000373,-1.89e-09,-8.42e-09
814,.0128494,.0119532,-.0004122,-.0005361,2.81e-06,.0000303,-1.94e-09,-9.27e-09
815,.005625,.0544935,-.0001882,-.0013079,.000016,.0000301,-4.33e-09,-7.60e-09
816,.006959,.0337743,-.0002281,-.0009653,-3.25e-06,.000025,-9.10e-10,-8.20e-09
817,.00227,.0458727,-.0002065,-.0012948,-7.94e-06,.0000472,-6.34e-10,-1.33e-08
818,.0048736,.0237951,-.0003979,-.0006543,-.0000113,.0000413,1.45e-09,-1.42e-08
819,.0102391,.0401345,-.0002172,-.0010559,-2.16e-06,.0000442,2.55e-13,-1.17e-08
820,.0102428,.0070111,-.0004314,-.0004661,8.61e-06,.0000259,-9.01e-10,-9.57e-09
821,.011066,.0795108,-.0003936,-.0017849,-6.50e-06,.0000348,1.17e-09,-1.19e-08
822,.0055019,.0626084,-.0003409,-.0014675,5.40e-06,.0000283,-2.51e-09,-7.47e-09
823,.0101103,.0718971,-.000395,-.001747,2.93e-07,.0000554,-1.64e-10,-1.58e-08
824,.0111265,.0815386,-.0004808,-.0017946,-2.88e-07,.0000238,-3.26e-09,-1.05e-08
825,.0035581,.0428394,-.0001532,-.0011178,.0000125,.0000166,-4.69e-09,-5.48e-09
826,.0072032,.0672259,-.0005441,-.001654,5.48e-06,.0000599,-9.16e-10,-1.41e-08
827,.0043564,.0604182,-.0002418,-.0012983,-9.34e-07,.0000447,-9.88e-10,-1.25e-08
828,.0001308,.0098057,-.0000177,-.0005283,3.32e-06,.0000485,-1.70e-09,-1.38e-08
829,.0068679,6.75e-06,-.0004569,-.0002854,.0000161,.000048,-5.67e-09,-1.38e-08
830,.0064997,.0371845,-.0003058,-.0008802,1.78e-06,.0000171,-2.01e-09,-5.22e-09
831,.0017194,.0470572,-.0000338,-.0011545,.0000278,.0000302,-5.99e-09,-9.14e-09
832,.0073097,.0386638,-.0002476,-.001064,-8.74e-06,.0000723,1.60e-09,-2.53e-08
833,.0078085,.001686,-.0001975,-.0004237,4.89e-06,.0000438,-2.35e-10,-1.06e-08
834,.0072027,.0410074,-.000249,-.0011082,5.35e-06,.0000345,-1.05e-09,-8.66e-09
835,.0046234,.0402443,-.0001696,-.0010015,5.42e-06,.0000245,-2.05e-09,-9.53e-09
836,.0018406,.0513359,-.0001764,-.0011357,-7.08e-06,.0000615,2.08e-09,-1.60e-08
837,.0095635,.0406077,-.0003927,-.0011122,.0000163,.0000451,-6.01e-09,-1.26e-08
838,.0116985,.0202628,-.0004792,-.0005339,9.42e-06,.0000351,-4.97e-09,-1.18e-08
839,.0025343,.0170615,-.0000898,-.0005722,-.00001,.0000484,2.31e-09,-1.15e-08
840,.0049254,.0571534,-.0002317,-.0012486,-4.27e-06,.0000476,4.89e-10,-1.33e-08
841,.0068461,.0129433,-.0003485,-.0002144,-3.48e-06,.0000739,-1.07e-09,-2.13e-08
842,.0037631,.0362157,-.0001667,-.0009484,.0000269,.0000492,-6.09e-09,-1.19e-08
843,.0012151,.0375606,-.0001103,-.0007851,.0000154,.000047,-6.38e-09,-1.15e-08
844,.0088241,.0316648,-.000353,-.0008922,.0000143,.000047,-3.27e-09,-1.36e-08
845,.0039644,.0336474,-.0001442,-.0008223,5.36e-06,.0000485,-2.19e-09,-1.27e-08
846,.0045659,.0213485,-.0002292,-.0007517,7.89e-06,.0000446,-2.42e-09,-1.04e-08
847,.0074401,.0310225,-.0002243,-.0007658,8.30e-06,.0000675,-2.10e-09,-1.99e-08
848,.0081459,.0360494,-.0004647,-.0009929,-.0000306,.0000651,9.11e-09,-1.90e-08
849,.0033692,.0536963,-.0002917,-.0014093,.000013,.0000515,-3.37e-09,-1.45e-08
850,.0041634,.0250917,-.0001106,-.0007728,-4.76e-06,.0000509,1.31e-09,-1.28e-08
851,.0021957,.0251737,-.0000366,-.0008669,.0000165,.0000365,-3.64e-09,-9.77e-09
852,.0084113,.0263468,-.0003226,-.0006551,-3.14e-06,.0000518,1.86e-09,-1.62e-08
853,.0114596,.0487632,-.0003396,-.0013505,-.0000114,.0000647,2.25e-09,-1.61e-08
854,.0072693,.088373,-.0003566,-.0022299,5.88e-06,.0000325,-2.92e-09,-9.20e-09
855,.0116921,.0443518,-.0004846,-.0011885,.0000158,.0000359,-4.53e-09,-1.34e-08
856,.0091399,-.004099,-.0004362,-.0002179,-4.53e-06,.0000324,-3.56e-10,-1.03e-08
857,.0138675,.0803932,-.0004978,-.0018678,-1.50e-07,.0000453,-7.41e-10,-1.30e-08
858,.0157431,.0402152,-.0005568,-.0010217,7.76e-06,.0000372,-2.67e-09,-1.05e-08
859,.0093912,.0488191,-.0005165,-.0013488,-2.34e-06,-.0000144,7.52e-10,3.02e-09
860,.0077632,.0505006,-.0002169,-.0011543,.0000107,.0000602,-5.70e-09,-1.54e-08
861,.0053342,.0333636,-.0002931,-.0009995,.0000158,.0000232,-4.63e-09,-8.41e-09
862,.0050828,.0547238,-.0001285,-.001276,.0000143,.0000354,-4.14e-09,-9.92e-09
863,.0107569,.0481188,-.0004545,-.0012658,-4.97e-06,.0000237,-3.95e-10,-7.51e-09
864,.0073239,.0254169,-.000188,-.000788,-2.80e-06,.0000486,-1.48e-09,-1.14e-08
865,.0070164,-.0182746,-.0002581,.0000125,3.36e-06,.000025,-1.76e-09,-6.76e-09
866,.0046125,.0855581,-.0000716,-.0020089,8.89e-06,.0000498,-1.08e-09,-1.44e-08
867,.0161077,.0260442,-.0004702,-.0009479,9.89e-06,.0000193,-4.08e-09,-4.78e-09
868,.0097144,.0378282,-.0003326,-.0010721,4.15e-06,.0000536,-6.28e-10,-1.42e-08
869,.0100431,.040291,-.0005575,-.0010831,3.34e-06,.0000505,-1.73e-09,-1.34e-08
870,.0088303,.03567,-.0002695,-.0008906,8.44e-06,.0000434,-5.83e-09,-1.36e-08
871,.0095165,.049159,-.0003586,-.0012086,1.59e-07,.0000398,-1.67e-09,-9.98e-09
872,.0130526,.0250794,-.0004911,-.000586,-8.02e-06,.0000164,1.12e-10,-6.41e-09
873,.0047228,.0253303,-.0001521,-.0008759,-.0000191,8.17e-06,5.32e-09,-1.21e-09
874,.0047322,.0374023,-.0003136,-.0009777,-1.16e-06,.0000593,-2.01e-09,-1.82e-08
875,.0127561,.0108828,-.0002863,-.0005158,.0000244,.0000493,-7.93e-09,-1.34e-08
876,-.0000336,.0797097,-.0000472,-.0018821,2.97e-06,.00002,-3.20e-09,-5.33e-09
877,.0127515,.0300825,-.0004541,-.0010391,3.86e-06,.0000179,8.94e-10,-5.75e-09
878,.0122874,.0875421,-.0004014,-.002118,-4.12e-06,.0000425,-8.26e-10,-1.17e-08
879,.0021268,.0510994,-.0001068,-.0011248,.0000137,.0000404,-4.11e-09,-1.22e-08
880,.0098768,.0411895,-.000246,-.0011486,-.0000111,.0000395,2.90e-09,-1.15e-08
881,.0032112,.0257818,-.0001355,-.0007055,7.53e-06,.000034,-5.67e-10,-9.78e-09
882,.0031956,.0302806,-.000178,-.0007864,-9.47e-06,.0000383,2.34e-09,-1.31e-08
883,.0043229,.0372207,-.000183,-.0010902,-.000013,.0000219,3.52e-09,-8.94e-09
884,.0020326,-.0076078,-.0000728,.0000837,-4.77e-06,.0000579,1.32e-09,-1.36e-08
885,.0093502,.0887946,-.0003916,-.002094,4.17e-06,.0000373,-1.36e-09,-1.17e-08
886,.0065448,.047971,-.0003282,-.0012314,9.18e-06,.000017,-3.14e-09,-6.95e-09
887,-.0002541,.0517216,-.000039,-.0012753,.0000162,.0000182,-3.10e-09,-7.63e-09
888,.0077236,.0513051,-.0002645,-.0013251,3.63e-07,.0000378,9.99e-10,-7.54e-09
889,.0034776,.0452864,-.0001329,-.0013381,.0000112,.0000487,-3.48e-09,-1.20e-08
890,.0109523,.0474592,-.0004214,-.0011451,2.53e-06,.0000273,-1.96e-09,-1.04e-08
891,.0027059,.0331429,.0000917,-.000942,.0000153,3.92e-06,-6.21e-09,-4.39e-09
892,.0127942,.0289708,-.000373,-.0007716,.0000254,.0000566,-6.61e-09,-1.82e-08
893,.0104337,.0763857,-.0003732,-.0019323,-.0000146,.0000383,6.18e-10,-1.20e-08
894,.0091355,.0386162,-.0002446,-.0010373,-2.46e-06,.0000271,-2.18e-09,-9.98e-09
895,.0098555,.0182071,-.0004368,-.0006985,-6.63e-06,.0000413,-5.75e-10,-8.84e-09
896,.0081212,.0422576,-.0002683,-.0012287,.000022,.0000377,-6.74e-09,-1.11e-08
897,.0086341,.0653519,-.0002844,-.0016278,1.69e-06,.0000509,-8.48e-11,-1.53e-08
898,.0027891,.0592935,-.0001225,-.0013576,-9.70e-06,.0000548,1.64e-09,-1.27e-08
899,.0108945,.0337395,-.000408,-.0011195,-1.44e-06,.000039,-8.72e-10,-1.26e-08
900,.0050887,.0302468,-.0000153,-.0009249,.000013,.0000642,-4.16e-09,-1.38e-08
901,.0083647,.0107505,-.0003638,-.0005753,.0000152,.0000339,-4.30e-09,-1.02e-08
902,.0073989,.043088,-.0003357,-.0009721,.0000137,.0000489,-6.09e-09,-1.56e-08
903,.0016472,.0374775,.0000507,-.0012077,5.69e-06,.0000375,-3.58e-09,-9.79e-09
904,.0051102,.0657929,-.0002105,-.0017304,-.0000137,.0000215,1.94e-09,-8.86e-09
905,.0069388,.0530373,-.000235,-.0011834,-8.41e-06,.0000331,6.11e-10,-1.06e-08
906,.0077939,.0234093,-.0003484,-.0007287,5.21e-06,.0000523,-3.53e-09,-1.44e-08
907,.0053907,-.004977,-.0001504,-.0001868,.0000173,.0000641,-5.07e-09,-1.68e-08
908,.0128897,.0411522,-.0004977,-.0009717,.0000217,.0000226,-6.71e-09,-8.95e-09
909,.0068965,.0268363,-.0003217,-.0008365,4.98e-06,.0000262,-2.08e-09,-6.96e-09
910,.0178657,.0295418,-.0005906,-.0007646,-6.17e-06,.000074,9.80e-10,-2.06e-08
911,.0043403,.0295894,-.0001687,-.0008787,9.51e-06,.0000547,-4.26e-09,-1.43e-08
912,.006748,.0502879,-.0003787,-.0012088,-2.75e-06,.0000396,8.36e-10,-9.43e-09
913,.0037659,.0372812,-.0001361,-.0011182,-1.60e-07,.0000402,-1.70e-09,-1.15e-08
914,.010202,.0447886,-.0004017,-.0013048,.0000171,.0000396,-5.66e-09,-1.21e-08
915,.0056816,.0652253,-.0003259,-.0015318,9.31e-06,.0000356,-2.03e-09,-1.09e-08
916,.0059594,.0166714,-.0001894,-.0007076,-9.51e-06,.0000577,-2.75e-10,-1.30e-08
917,.0043944,.0196943,-.0002097,-.0005776,-9.13e-06,.0000472,3.43e-09,-1.24e-08
918,.0064764,.0657626,-.0001035,-.0015601,-3.18e-06,.0000659,1.15e-09,-1.89e-08
919,.010026,.0843472,-.0003543,-.0020461,-.000016,.000042,4.54e-09,-1.16e-08
920,.0111867,.0350858,-.0003818,-.0010405,-.0000267,.0000252,7.45e-09,-8.77e-09
921,.0044341,.0420253,-.0001832,-.0012331,-4.77e-06,.0000569,-4.21e-10,-1.21e-08
922,.007447,.0453884,-.0002067,-.0011711,.0000174,.0000539,-5.90e-09,-1.41e-08
923,.0090063,.1335892,-.0002992,-.0027936,5.38e-06,.0000798,-8.83e-10,-2.05e-08
924,.0050983,.0378782,-.0002339,-.0010147,.0000153,.0000251,-3.41e-09,-8.25e-09
925,.0072896,.0771113,-.0002753,-.0017795,-.0000115,.0000526,1.49e-09,-1.44e-08
926,.0078349,.0572831,-.0004503,-.0014093,.0000162,.0000562,-5.89e-09,-1.44e-08
927,.0095806,.025219,-.000259,-.0007626,.000011,.000032,-5.23e-09,-8.88e-09
928,.003476,.007422,-.0002897,-.0005098,3.31e-06,.0000283,-2.13e-09,-8.85e-09
929,.0058023,.0587309,-.0002409,-.0013874,.0000108,.0000962,-1.16e-09,-3.09e-08
930,.0132487,.0445866,-.0004594,-.0012929,-.0000197,.0000486,2.49e-09,-1.22e-08
931,.0045249,.0167521,-.0002117,-.0006793,7.51e-06,.0000612,6.22e-10,-1.81e-08
932,.0055131,.047416,-.0003248,-.0010586,8.62e-06,.0000365,-2.53e-09,-1.12e-08
933,.0038395,.0339103,-.0001051,-.0007187,.0000115,.0000558,-2.44e-09,-1.71e-08
934,.0100889,.0474135,-.0003193,-.0012074,8.33e-06,.0000591,-3.44e-09,-1.81e-08
935,.0104393,.0508761,-.0004969,-.0013484,.0000119,.0000546,-4.52e-10,-1.85e-08
936,.0086447,.0331023,-.0002958,-.0009544,.0000296,.0000506,-7.97e-09,-1.26e-08
937,.0065319,.0990026,-.0002425,-.0022992,.0000184,.0000261,-6.05e-09,-8.30e-09
938,.0062323,.0258287,-.0002646,-.000903,1.00e-05,.0000524,-6.82e-11,-1.31e-08
939,.001317,.0637382,-.0001811,-.0015534,6.45e-06,.0000309,-1.98e-09,-1.04e-08
940,.0099457,.0585129,-.0003196,-.0016383,1.12e-06,.000054,3.77e-10,-1.32e-08
941,.0095541,.038842,-.0003821,-.0011561,-.0000189,.0000336,3.16e-09,-6.72e-09
942,.0060291,.0347798,-.0002077,-.0009913,-9.43e-06,.0000544,1.61e-09,-1.70e-08
943,.0010091,.0985561,-.0001251,-.0022701,8.45e-06,.0000492,-1.99e-09,-1.24e-08
944,.0114155,.030124,-.0004437,-.0009063,.0000137,.0000392,-3.50e-09,-1.02e-08
945,.0164355,.0223596,-.0005889,-.0006835,.0000119,.0000365,-6.21e-09,-1.19e-08
946,.0089962,.0683569,-.0004572,-.0016501,.0000154,.0000383,-3.64e-09,-1.25e-08
947,.0127856,.0248087,-.0002933,-.0009419,-.0000171,.0000312,2.09e-09,-8.09e-09
948,.0117936,.0452358,-.0005322,-.0012502,-8.11e-06,.000033,-3.49e-09,-9.94e-09
949,.0081336,.0353889,-.000254,-.0008605,-3.07e-06,.0000596,4.39e-10,-1.49e-08
950,.0063702,.0395182,-.0001271,-.0009593,.0000116,.000021,-3.95e-09,-7.08e-09
951,.0148548,.0494948,-.0004138,-.0013868,1.11e-06,.0000372,3.49e-10,-9.89e-09
952,.0079808,.0284259,-.0003478,-.000814,.0000174,.0000449,-5.43e-09,-1.18e-08
953,.0057524,.0582142,-.000198,-.00126,3.61e-06,.0000573,-1.73e-09,-1.76e-08
954,.0032002,.0629118,-.000226,-.0015307,.0000217,.0000666,-7.01e-09,-1.42e-08
955,-.0006229,.0610253,7.84e-07,-.0014473,3.13e-06,.0000651,-2.84e-09,-1.43e-08
956,.0053842,.0577316,-.0002118,-.0014032,.0000117,.0000388,-6.12e-10,-1.07e-08
957,.0085398,.0325383,-.0001724,-.0010307,-.0000117,.0000571,2.35e-09,-1.50e-08
958,.0146266,.016394,-.0004742,-.0006135,6.56e-07,.0000535,5.66e-10,-1.47e-08
959,.0070116,.0427714,-.0001943,-.0010757,-.0000146,.0000194,2.72e-09,-9.65e-09
960,.0068924,.0395312,-.0001266,-.0010934,.0000245,.0000318,-5.47e-09,-1.10e-08
961,.0086431,.0576243,-.0003545,-.0013802,5.99e-06,.0000565,-1.27e-09,-1.46e-08
962,.0050814,.0203575,-.0002285,-.0005166,2.74e-06,.0000434,-1.04e-09,-1.12e-08
963,.0032271,.0351196,-.0001527,-.0009695,3.65e-06,.000057,3.71e-10,-1.42e-08
964,-.0001162,.0429853,.0000635,-.0011453,.0000128,.0000278,-5.38e-09,-8.58e-09
965,.0034349,.0850596,-.0000329,-.001988,-7.08e-06,.0000536,1.36e-09,-1.46e-08
966,.0125347,.0184539,-.0004988,-.0006404,.0000175,.0000381,-1.41e-09,-9.06e-09
967,.0195985,.0756692,-.000828,-.0017304,7.71e-06,.000063,-2.05e-09,-1.53e-08
968,.0078171,.0424378,-.0003253,-.0011531,-.0000128,.0000238,3.09e-09,-6.90e-09
969,.005809,.0563253,-.0003666,-.0013376,3.54e-06,.0000579,-2.38e-09,-1.50e-08
970,.0088266,.0214314,-.0004074,-.0006243,.0000136,.0000562,-4.04e-09,-1.34e-08
971,.0062495,.045708,-.0002496,-.001165,-.0000162,.0000562,5.36e-09,-1.54e-08
972,.0020985,.1150246,-.0001062,-.0026275,.000017,.0000379,-2.42e-09,-1.02e-08
973,.0054747,.054981,-.0002433,-.0013801,-3.60e-06,.0000303,-1.15e-09,-6.66e-09
974,.0125875,.0402856,-.0005417,-.0011542,3.38e-06,.0000472,-3.63e-10,-1.09e-08
975,.0087727,.0479555,-.0002597,-.001226,-2.18e-07,.0000357,3.84e-10,-9.16e-09
976,.0078841,.1136511,-.000302,-.0026144,.0000175,.0000256,-6.59e-09,-7.66e-09
977,.0060402,.0215745,-.0001726,-.0006461,8.61e-06,.000073,-3.20e-09,-1.68e-08
978,.0125918,.0751294,-.0004486,-.0019887,.0000157,.0000221,-3.42e-09,-7.23e-09
979,.0051615,.0726379,-.000291,-.0018091,.0000368,.0000369,-6.83e-09,-8.88e-09
980,.0150466,.031853,-.0004846,-.0010069,-3.41e-06,.000051,-5.82e-10,-1.27e-08
981,.0064039,.032529,-.0003233,-.0008631,-4.80e-06,.0000582,-3.10e-10,-1.34e-08
982,.0009211,.0551083,-.000138,-.0012349,.0000237,.0000454,-7.00e-09,-1.19e-08
983,.0058251,.0533441,-.0001013,-.0013751,.0000208,.0000543,-5.82e-09,-1.05e-08
984,.0102669,.0569123,-.0003365,-.0013443,2.52e-06,.000054,1.47e-10,-1.53e-08
985,.0095991,.01792,-.0004551,-.0005912,.0000276,.000068,-6.56e-09,-1.69e-08
986,.0081193,.0246184,-.0002135,-.0007956,.0000188,.0000592,-9.51e-09,-1.57e-08
987,.0065059,.0404535,-.0003666,-.0010014,.0000159,.0000514,-4.51e-09,-1.34e-08
988,.0211284,.0472945,-.0005193,-.0013665,4.71e-06,.0000486,-9.50e-10,-1.23e-08
989,.001172,.0626587,-.00004,-.0015442,-.0000127,.0000531,1.60e-09,-1.54e-08
990,.0128339,.0323857,-.0002952,-.0009239,.0000131,.0000316,-2.13e-09,-1.12e-08
991,.0106972,.0362614,-.0004734,-.0009653,.0000346,.0000276,-4.38e-09,-9.82e-09
992,.0036703,.0636127,-.0000488,-.0015348,.000012,.0000401,-1.56e-09,-1.29e-08
993,.0007757,.0167097,-.0001251,-.0005431,1.38e-07,.0000281,-7.96e-10,-7.80e-09
994,.0111726,.0410933,-.0004017,-.0010304,3.32e-07,.0000347,6.45e-10,-1.07e-08
995,.0032057,.1087443,-.0001852,-.0023804,-4.05e-06,.0000358,2.03e-09,-1.04e-08
996,.0045265,.0378938,-.0000826,-.0008887,9.13e-06,.0000429,-3.84e-09,-1.38e-08
997,.0093521,.0379128,-.000255,-.001064,.0000137,.0000403,-3.43e-09,-1.30e-08
998,.0026074,.0233901,-.0000431,-.000665,4.67e-06,.0000517,-1.36e-09,-1.38e-08
999,.0030246,.0140586,-.0001531,-.0004079,2.70e-07,.0000695,2.24e-09,-1.90e-08
1000,.0166483,.062262,-.0004959,-.0015974,-.0000115,.0000341,1.90e-09,-9.29e-09
